Site,month,Method,Microsite,Rep,shrub.x,shrub.y,shrub.z,dry.veg.percent,green.veg.percent,woody.debris.percent,rocks.percent,bare.ground.percent,sum_percent,veg. height,dominant type,dried?,notes
Carrizo Shrub,July,pitfall,shrub,1,350,325,126,91,0,3,1,5,100,26,Grass,TRUE,3 or 4 stems for one big bush
Carrizo Shrub,July,pitfall,shrub,2,610,500,160,96,0,3,1,0,100,24,Grass,TRUE,
Carrizo Shrub,July,pitfall,shrub,3,325,255,155,99,0,0,1,0,100,33,Grass,TRUE,
Carrizo Shrub,July,pitfall,shrub,4,285,250,120,83,0,6,1,10,100,31,Grass,TRUE,
Carrizo Shrub,July,pitfall,shrub,5,290,230,170,96,0,1,1,2,100,29,Grass,TRUE,
Carrizo Shrub,July,pitfall,shrub,6,295,275,150,91,0,0,1,8,100,33,Grass,TRUE,
Carrizo Shrub,July,pitfall,shrub,7,365,360,170,74,0,10,1,15,100,25,Grass,TRUE,
Carrizo Shrub,July,pitfall,shrub,8,390,365,185,90,0,1,1,8,100,28,Grass,TRUE,
Carrizo Shrub,July,pitfall,shrub,9,320,315,160,94,0,0,1,5,100,29,Grass,TRUE,
Carrizo Shrub,July,pitfall,shrub,10,470,430,165,88,0,10,1,1,100,8,Grass,TRUE,Grasshoppers mating (?) in bush
Carrizo Shrub,July,pitfall,shrub,11,250,210,100,60,2,3,2,33,100,22,Grass,TRUE,
Carrizo Shrub,July,pitfall,shrub,12,315,315,140,90,1,0,2,7,100,37,Grass,TRUE,
Carrizo Shrub,July,pitfall,open,1,,,,77,0,0,3,20,100,12,grass,TRUE,
Carrizo Shrub,July,pitfall,open,2,,,,2,7,1,4,86,100,35,herb,TRUE,
Carrizo Shrub,July,pitfall,open,3,,,,1,2,0,4,93,100,2,herb,TRUE,
Carrizo Shrub,July,pitfall,open,4,,,,2,2,1,1,94,100,7,herb,TRUE,
Carrizo Shrub,July,pitfall,open,5,,,,1,2,0,2,95,100,13,grass,TRUE,
Carrizo Shrub,July,pitfall,open,6,,,,50,0,0,1,49,100,19,grass,TRUE,
Carrizo Shrub,July,pitfall,open,7,,,,70,0,0,0,30,100,8,grass,TRUE,
Carrizo Shrub,July,pitfall,open,8,,,,10,0,1,5,84,100,14,grass,TRUE,
Carrizo Shrub,July,pitfall,open,9,,,,3,0,0,2,95,100,1,grass,TRUE,
Carrizo Shrub,July,pitfall,open,10,,,,0,0,1,2,97,100,0,grass,TRUE,
Carrizo Shrub,July,pitfall,open,11,,,,1,0,2,1,96,100,5,grass,TRUE,
Carrizo Shrub,July,pitfall,open,12,,,,3,0,0,2,95,100,3,grass,TRUE,
Carrizo Shrubless,July,pitfall,open,1,,,,30,0,0,1,69,100,9,grass,TRUE,
Carrizo Shrubless,July,pitfall,open,2,,,,10,0,0,0,90,100,7,grass,TRUE,
Carrizo Shrubless,July,pitfall,open,3,,,,10,0,0,1,89,100,7,grass,TRUE,
Carrizo Shrubless,July,pitfall,open,4,,,,6,0,0,5,89,100,4,grass,TRUE,
Carrizo Shrubless,July,pitfall,open,5,,,,60,0,0,0,40,100,5,grass,TRUE,
Carrizo Shrubless,July,pitfall,open,6,,,,25,0,0,1,74,100,7,grass,TRUE,
Carrizo Shrubless,July,pitfall,open,7,,,,25,0,0,1,74,100,10,grass,TRUE,
Carrizo Shrubless,July,pitfall,open,8,,,,5,0,0,1,94,100,9,grass,TRUE,
Carrizo Shrubless,July,pitfall,open,9,,,,96,0,3,1,0,100,13,grass,TRUE,
Carrizo Shrubless,July,pitfall,open,10,,,,89,0,0,1,10,100,6,grass,TRUE,
Carrizo Shrubless,July,pitfall,open,11,,,,72,3,0,0,25,100,9,grass,TRUE,
Carrizo Shrubless,July,pitfall,open,12,,,,0,6,0,1,93,100,7,grass,TRUE,
Carrizo Shrubless,July,pitfall,open,13,,,,80,0,0,0,20,100,13,grass,TRUE,
Carrizo Shrubless,July,pitfall,open,14,,,,5,0,0,1,94,100,8,grass,TRUE,
Carrizo Shrubless,July,pitfall,open,15,,,,95,0,0,0,5,100,8,grass,TRUE,
Carrizo Shrubless,July,pitfall,open,16,,,,25,0,0,0,75,100,12,grass,TRUE,
Carrizo Shrubless,July,pitfall,open,17,,,,60,0,0,0,40,100,16,grass,TRUE,
Carrizo Shrubless,July,pitfall,open,18,,,,100,0,0,0,0,100,7,grass,TRUE,
Carrizo Shrubless,July,pitfall,open,19,,,,30,2,0,1,67,100,4,grass,TRUE,
Carrizo Shrubless,July,pitfall,open,20,,,,10,1,0,0,89,100,3,grass,TRUE,
Carrizo Shrubless,July,pitfall,open,21,,,,70,0,0,0,30,100,2,grass,TRUE,
Carrizo Shrubless,July,pitfall,open,22,,,,55,5,1,1,38,100,9,grass,TRUE,
Carrizo Shrubless,July,pitfall,open,23,,,,40,0,1,1,58,100,6,Grass,TRUE,
Carrizo Shrubless,July,pitfall,open,24,,,,50,0,0,0,50,100,5,Grass,TRUE,
Lokern,July,pitfall,shrub,1,200,190,100,25,0,0,1,74,100,10,Grass,TRUE,
Lokern,July,pitfall,shrub,2,310,190,115,95,0,5,0,0,100,30,Grass,TRUE,
Lokern,July,pitfall,shrub,3,290,280,125,70,0,0,0,30,100,10,Grass,TRUE,
Lokern,July,pitfall,shrub,4,110,105,85,70,0,15,0,15,100,23,Grass,TRUE,
Lokern,July,pitfall,shrub,5,140,135,120,35,0,0,0,65,100,13,Grass,TRUE,
Lokern,July,pitfall,shrub,6,200,175,115,89,0,5,1,5,100,16,Grass,TRUE,
Lokern,July,pitfall,shrub,7,160,140,85,13,0,2,0,85,100,29,Grass,TRUE,
Lokern,July,pitfall,shrub,8,230,150,110,90,0,1,0,9,100,17,Grass,TRUE,
Lokern,July,pitfall,shrub,9,310,210,130,94,0,1,0,5,100,27,Grass,TRUE,
Lokern,July,pitfall,shrub,10,180,140,100,45,0,0,3,52,100,14,Grass,TRUE,
Lokern,July,pitfall,shrub,11,220,170,120,15,0,0,5,80,100,18,Grass,TRUE,
Lokern,July,pitfall,shrub,12,770,670,160,100,0,0,0,0,100,23,Grass,TRUE,
Lokern,July,pitfall,open,1,,,,4,2,0,0,94,100,4,Grass,TRUE,
Lokern,July,pitfall,open,2,,,,20,25,0,0,55,100,12,Grass,TRUE,
Lokern,July,pitfall,open,3,,,,3,10,0,0,87,100,13,herb,TRUE,
Lokern,July,pitfall,open,4,,,,8,2,0,0,90,100,13,Grass,TRUE,
Lokern,July,pitfall,open,5,,,,1,0,0,1,98,100,1,Grass,TRUE,
Lokern,July,pitfall,open,6,,,,4,0,3,1,92,100,12,Grass,TRUE,
Lokern,July,pitfall,open,7,,,,3,0,0,1,96,100,7,Grass,TRUE,
Lokern,July,pitfall,open,8,,,,5,0,40,0,55,100,10,Grass,TRUE,
Lokern,July,pitfall,open,9,,,,3,0,0,1,96,100,5,Grass,TRUE,
Lokern,July,pitfall,open,10,,,,65,0,0,0,35,100,14,herb,TRUE,
Lokern,July,pitfall,open,11,,,,20,4,0,1,75,100,18,grass,TRUE,
Lokern,July,pitfall,open,12,,,,25,0,0,1,74,100,10,grass,TRUE,
Semitropic,July,pitfall,shrub,1,195,180,110,85,0,0,0,15,100,7,herb,TRUE,
Semitropic,July,pitfall,shrub,2,240,190,90,50,0,0,0,50,100,25,grass,TRUE,
Semitropic,July,pitfall,shrub,3,155,155,80,20,0,0,0,80,100,4,herb,TRUE,
Semitropic,July,pitfall,shrub,4,140,90,105,25,0,0,0,75,100,12,herb,TRUE,
Semitropic,July,pitfall,shrub,5,220,200,225,0,0,0,0,100,100,0,NA,TRUE,
Semitropic,July,pitfall,shrub,6,145,140,80,50,0,0,0,50,100,14,grass,TRUE,
Semitropic,July,pitfall,shrub,7,205,195,105,10,0,0,0,90,100,10,herb,TRUE,
Semitropic,July,pitfall,shrub,8,325,220,100,94,0,1,0,5,100,18,grass,TRUE,
Semitropic,July,pitfall,shrub,9,410,220,100,100,0,0,0,0,100,10,grass,TRUE,
Semitropic,July,pitfall,shrub,10,220,180,120,100,0,0,0,0,100,16,grass,TRUE,
Semitropic,July,pitfall,shrub,11,380,370,90,100,0,0,0,0,100,24,grass,TRUE,
Semitropic,July,pitfall,shrub,12,180,130,95,100,0,0,0,0,100,20,grass,TRUE,
Semitropic,July,pitfall,open,1,,,,100,0,0,0,0,100,10,herb,TRUE,
Semitropic,July,pitfall,open,2,,,,1,0,0,0,99,100,8,herb,TRUE,
Semitropic,July,pitfall,open,3,,,,100,0,0,0,0,100,10,herb,TRUE,
Semitropic,July,pitfall,open,4,,,,6,0,0,0,94,100,6,herb,TRUE,
Semitropic,July,pitfall,open,5,,,,40,0,0,0,60,100,1,herb,TRUE,
Semitropic,July,pitfall,open,6,,,,20,0,0,0,80,100,10,herb,TRUE,
Semitropic,July,pitfall,open,7,,,,15,0,0,0,85,100,9,herb,TRUE,
Semitropic,July,pitfall,open,8,,,,0,0,0,0,100,100,0,herb,TRUE,
Semitropic,July,pitfall,open,9,,,,98,0,0,0,2,100,7,herb,TRUE,
Semitropic,July,pitfall,open,10,,,,94,0,1,0,5,100,16,herb,TRUE,
Semitropic,July,pitfall,open,11,,,,20,0,0,0,80,100,13,herb,TRUE,
Semitropic,July,pitfall,open,12,,,,80,0,0,0,20,100,18,herb,TRUE,
Coalinga,July,pitfall,open,1,,,,98,2,0,0,0,100,14,grass,TRUE,
Coalinga,July,pitfall,open,2,,,,100,0,0,0,0,100,26,grass,TRUE,
Coalinga,July,pitfall,open,3,,,,97,3,0,0,0,100,5,grass,TRUE,
Coalinga,July,pitfall,open,4,,,,5,1,0,1,93,100,11,grass,TRUE,
Coalinga,July,pitfall,open,5,,,,97,3,0,0,0,100,27,grass,TRUE,
Coalinga,July,pitfall,open,6,,,,67,1,1,1,30,100,17,herb,TRUE,
Coalinga,July,pitfall,open,7,,,,94,2,1,0,3,100,27,grass,TRUE,
Coalinga,July,pitfall,open,8,,,,8,3,0,1,88,100,5,grass,TRUE,
Coalinga,July,pitfall,open,9,,,,90,0,10,0,0,100,20,grass,TRUE,
Coalinga,July,pitfall,open,10,,,,3,2,1,0,94,100,5,grass,TRUE,
Coalinga,July,pitfall,open,11,,,,49,2,0,0,49,100,10,grass,TRUE,
Coalinga,July,pitfall,open,12,,,,96,1,0,0,3,100,14,grass,TRUE,
Coalinga,July,pitfall,open,13,,,,90,10,0,0,0,100,13,grass,TRUE,
Coalinga,July,pitfall,open,14,,,,98,1,0,0,1,100,12,grass,TRUE,
Coalinga,July,pitfall,open,15,,,,98,2,0,0,0,100,5,grass,TRUE,
Coalinga,July,pitfall,open,16,,,,5,5,0,0,90,100,10,herb,TRUE,
Coalinga,July,pitfall,open,17,,,,85,15,0,0,0,100,12,grass,TRUE,
Coalinga,July,pitfall,open,18,,,,90,10,0,0,0,100,15,grass,TRUE,
Coalinga,July,pitfall,open,19,,,,97,1,1,0,1,100,22,grass,TRUE,
Coalinga,July,pitfall,open,20,,,,98,2,0,0,0,100,8,grass,TRUE,
Coalinga,July,pitfall,open,21,,,,98,1,0,0,1,100,14,grass,TRUE,
Coalinga,July,pitfall,open,22,,,,99,1,0,0,0,100,5,grass,TRUE,
Coalinga,July,pitfall,open,23,,,,100,0,0,0,0,100,12,grass,TRUE,
Coalinga,July,pitfall,open,24,,,,91,8,0,0,1,100,9,grass,TRUE,
Avenal,July,pitfall,shrub,1,180,110,80,30,0,15,0,55,100,42,grass,TRUE,lots of burrows
Avenal,July,pitfall,shrub,2,270,140,135,50,0,1,0,49,100,18,grass,TRUE,
Avenal,July,pitfall,shrub,3,120,65,110,99,0,1,0,0,100,36,grass,TRUE,
Avenal,July,pitfall,shrub,4,170,90,90,25,0,0,0,75,100,25,grass,TRUE,
Avenal,July,pitfall,shrub,5,130,65,115,98,0,0,0,2,100,18,grass,TRUE,
Avenal,July,pitfall,shrub,6,160,150,85,100,0,0,0,0,100,38,grass,TRUE,
Avenal,July,pitfall,shrub,7,255,240,110,3,0,4,0,93,100,10,grass,TRUE,small amount of broken glass
Avenal,July,pitfall,shrub,8,165,150,140,3,0,2,1,94,100,5,grass,TRUE,
Avenal,July,pitfall,shrub,9,125,105,125,96,0,3,0,1,100,37,grass,TRUE,
Avenal,July,pitfall,shrub,10,140,95,105,99,0,1,0,0,100,19,grass,TRUE,
Avenal,July,pitfall,shrub,11,200,125,125,10,0,0,8,82,100,7,grass,TRUE,
Avenal,July,pitfall,shrub,12,70,55,90,95,0,0,0,5,100,21,grass,TRUE,
Avenal,July,pitfall,open,1,,,,100,0,0,0,0,100,32,grass,TRUE,
Avenal,July,pitfall,open,2,,,,100,0,0,0,0,100,23,grass,TRUE,
Avenal,July,pitfall,open,3,,,,65,0,0,0,35,100,34,grass,TRUE,
Avenal,July,pitfall,open,4,,,,2,0,2,0,96,100,5,grass,TRUE,
Avenal,July,pitfall,open,5,,,,73,0,12,0,15,100,19,grass,TRUE,
Avenal,July,pitfall,open,6,,,,2,0,0,0,98,100,6,grass,TRUE,
Avenal,July,pitfall,open,7,,,,0,0,12,0,88,100,0,grass,TRUE,
Avenal,July,pitfall,open,8,,,,0,0,1,1,98,100,0,grass,TRUE,
Avenal,July,pitfall,open,9,,,,96,0,4,0,0,100,32,grass,TRUE,
Avenal,July,pitfall,open,10,,,,93,0,2,0,5,100,25,grass,TRUE,
Avenal,July,pitfall,open,11,,,,3,0,0,1,96,100,10,grass,TRUE,
Avenal,July,pitfall,open,12,,,,99,0,0,0,1,100,13,grass,TRUE,
Silver Creek,July,pitfall,shrub,1,220,130,130,85,0,0,0,15,100,25,grass,TRUE,
Silver Creek,July,pitfall,shrub,2,135,100,110,63,0,0,2,35,100,16,grass,TRUE,
Silver Creek,July,pitfall,shrub,3,210,190,120,80,0,0,0,20,100,24,grass,TRUE,
Silver Creek,July,pitfall,shrub,4,250,210,135,99,0,0,0,1,100,23,grass,TRUE,
Silver Creek,July,pitfall,shrub,5,300,275,155,12,0,0,0,88,100,12,grass,TRUE,
Silver Creek,July,pitfall,shrub,6,200,200,100,100,0,0,0,0,100,28,grass,TRUE,
Silver Creek,July,pitfall,shrub,7,420,380,190,100,0,0,0,0,100,18,grass,TRUE,
Silver Creek,July,pitfall,shrub,8,180,155,120,94,0,0,1,5,100,11,grass,TRUE,
Silver Creek,July,pitfall,shrub,9,370,350,155,99,0,1,0,0,100,29,grass,TRUE,
Silver Creek,July,pitfall,shrub,10,95,105,70,100,0,0,0,0,100,26,grass,TRUE,
Silver Creek,July,pitfall,shrub,11,150,100,95,100,0,0,0,0,100,40,grass,TRUE,
Silver Creek,July,pitfall,shrub,12,300,210,155,50,0,50,0,0,100,20,grass,TRUE,
Silver Creek,July,pitfall,open,1,,,,100,0,0,0,0,100,26,grass,TRUE,
Silver Creek,July,pitfall,open,2,,,,5,1,0,0,94,100,7,grass,TRUE,
Silver Creek,July,pitfall,open,3,,,,0,0,0,0,100,100,0,NA,NA,
Silver Creek,July,pitfall,open,4,,,,50,0,0,0,50,100,13,herb,TRUE,
Silver Creek,July,pitfall,open,5,,,,0,0,5,0,95,100,NA,NA,NA,
Silver Creek,July,pitfall,open,6,,,,100,0,0,0,0,100,28,grass,TRUE,
Silver Creek,July,pitfall,open,7,,,,50,0,1,0,49,100,1,grass,TRUE,
Silver Creek,July,pitfall,open,8,,,,99,0,0,0,1,100,28,herb,TRUE,
Silver Creek,July,pitfall,open,9,,,,100,0,0,0,0,100,38,grass,TRUE,
Silver Creek,July,pitfall,open,10,,,,99,0,0,0,1,100,3,herb,TRUE,
Silver Creek,July,pitfall,open,11,,,,100,0,0,0,0,100,23,grass,TRUE,
Silver Creek,July,pitfall,open,12,,,,100,0,0,0,0,100,37,grass,TRUE,
Panoche Plateau,July,pitfall,shrub,1,420,385,175,100,0,0,0,0,100,36,grass,TRUE,
Panoche Plateau,July,pitfall,shrub,2,260,245,90,95,0,0,0,5,100,34,grass,TRUE,
Panoche Plateau,July,pitfall,shrub,3,215,150,95,100,0,0,0,0,100,28,grass,TRUE,
Panoche Plateau,July,pitfall,shrub,4,270,250,120,98,0,0,0,2,100,50,grass,TRUE,burrow
Panoche Plateau,July,pitfall,shrub,5,485,400,175,100,0,0,0,0,100,15,grass,TRUE,
Panoche Plateau,July,pitfall,shrub,6,300,275,130,100,0,0,0,0,100,25,grass,TRUE,
Panoche Plateau,July,pitfall,shrub,7,275,165,195,100,0,0,0,0,100,34,grass,TRUE,
Panoche Plateau,July,pitfall,shrub,8,240,190,115,95,0,0,0,5,100,28,grass,TRUE,
Panoche Plateau,July,pitfall,shrub,9,310,300,105,100,0,0,0,0,100,33,grass,TRUE,
Panoche Plateau,July,pitfall,shrub,10,370,300,160,100,0,0,0,0,100,20,grass,TRUE,
Panoche Plateau,July,pitfall,shrub,11,310,240,115,100,0,0,0,0,100,34,grass,TRUE,
Panoche Plateau,July,pitfall,shrub,12,380,340,135,100,0,0,0,0,100,24,grass,TRUE,
Panoche Plateau,July,pitfall,open,1,,,,85,0,0,0,15,100,5,herd,TRUE,
Panoche Plateau,July,pitfall,open,2,,,,90,0,0,0,10,100,19,grass,TRUE,
Panoche Plateau,July,pitfall,open,3,,,,94,1,0,0,5,100,12,grass,TRUE,
Panoche Plateau,July,pitfall,open,4,,,,97,0,0,0,3,100,12,grass,TRUE,
Panoche Plateau,July,pitfall,open,5,,,,100,0,0,0,0,100,16,grass,TRUE,
Panoche Plateau,July,pitfall,open,6,,,,96,0,0,1,3,100,13,grass,TRUE,
Panoche Plateau,July,pitfall,open,7,,,,100,0,0,0,0,100,29,grass,TRUE,
Panoche Plateau,July,pitfall,open,8,,,,98,0,0,1,1,100,9,grass,TRUE,
Panoche Plateau,July,pitfall,open,9,,,,99,0,0,1,0,100,20,grass,TRUE,
Panoche Plateau,July,pitfall,open,10,,,,99,0,0,1,0,100,21,grass,TRUE,
Panoche Plateau,July,pitfall,open,11,,,,97,0,0,0,3,100,10,grass,TRUE,
Panoche Plateau,July,pitfall,open,12,,,,99,0,0,1,0,100,16,grass,TRUE,
Mountain View,July,pitfall,open,1,,,,80,0,0,0,20,100,13,herb,TRUE,
Mountain View,July,pitfall,open,2,,,,50,0,0,0,50,100,16,grass,TRUE,
Mountain View,July,pitfall,open,3,,,,96,2,0,0,2,100,12,herb,TRUE,
Mountain View,July,pitfall,open,4,,,,91,4,0,0,5,100,6,grass,TRUE,
Mountain View,July,pitfall,open,5,,,,87,2,0,1,10,100,6,grass,TRUE,
Mountain View,July,pitfall,open,6,,,,78,2,0,0,20,100,2,herb,TRUE,
Mountain View,July,pitfall,open,7,,,,85,5,0,0,10,100,7,grass,TRUE,
Mountain View,July,pitfall,open,8,,,,90,0,0,0,10,100,4,grass,TRUE,
Mountain View,July,pitfall,open,9,,,,65,5,0,0,30,100,3,grass,TRUE,
Mountain View,July,pitfall,open,10,,,,93,2,0,0,5,100,7,herb,TRUE,
Mountain View,July,pitfall,open,11,,,,90,0,0,0,10,100,9,grass,TRUE,
Mountain View,July,pitfall,open,12,,,,97,0,0,0,3,100,17,grass,TRUE,
Mountain View,July,pitfall,open,13,,,,82,8,0,0,10,100,4,herb,TRUE,
Mountain View,July,pitfall,open,14,,,,88,2,0,0,10,100,5,herb,TRUE,
Mountain View,July,pitfall,open,15,,,,90,5,0,0,5,100,3,herb,TRUE,
Mountain View,July,pitfall,open,16,,,,91,4,0,0,5,100,3,grass,TRUE,
Mountain View,July,pitfall,open,17,,,,92,4,0,0,4,100,2,herb,TRUE,
Mountain View,July,pitfall,open,18,,,,93,0,0,0,7,100,5,herb,TRUE,
Mountain View,July,pitfall,open,19,,,,99,1,0,0,0,100,6,grass,TRUE,
Mountain View,July,pitfall,open,20,,,,97,1,0,0,2,100,4,grass,TRUE,
Mountain View,July,pitfall,open,21,,,,95,0,0,0,5,100,11,grass,TRUE,
Mountain View,July,pitfall,open,22,,,,98,0,0,0,2,100,4,grass,TRUE,
Mountain View,July,pitfall,open,23,,,,96,0,0,0,4,100,3,grass,TRUE,
Mountain View,July,pitfall,open,24,,,,97,0,0,0,3,100,4,herb,TRUE,
Carrizo Shrub,August,pitfall,shrub,1,330,320,155,98,0,0,2,0,100,38,grass,TRUE,
Carrizo Shrub,August,pitfall,shrub,2,265,240,130,97,0,2,0,1,100,17,grass,TRUE,
Carrizo Shrub,August,pitfall,shrub,3,350,300,150,70,0,30,0,0,100,22,grass,TRUE,mushroom
Carrizo Shrub,August,pitfall,shrub,4,215,195,95,20,0,30,0,50,100,8,herb,TRUE,
Carrizo Shrub,August,pitfall,shrub,5,600,500,190,100,0,0,0,0,100,35,grass,TRUE,3 big shrubs
Carrizo Shrub,August,pitfall,shrub,6,335,245,140,80,0,1,0,19,100,17,grass,TRUE,
Carrizo Shrub,August,pitfall,shrub,7,330,260,155,91,0,0,0,9,100,41,grass,TRUE,
Carrizo Shrub,August,pitfall,shrub,8,435,360,120,85,0,4,0,11,100,31,grass,TRUE,
Carrizo Shrub,August,pitfall,shrub,9,340,235,115,89,0,3,0,8,100,24,grass,TRUE,
Carrizo Shrub,August,pitfall,shrub,10,990,340,140,25,0,35,0,40,100,22,herb,TRUE,6 shrubs very close together
Carrizo Shrub,August,pitfall,shrub,11,475,445,170,97,0,1,0,2,100,43,grass,TRUE,
Carrizo Shrub,August,pitfall,shrub,12,500,480,155,81,5,4,4,6,100,30,grass,TRUE,
Carrizo Shrub,August,pitfall,open,1,,,,45,0,0,35,20,100,6,herb,TRUE,
Carrizo Shrub,August,pitfall,open,2,,,,30,0,0,2,68,100,6,herb,TRUE,
Carrizo Shrub,August,pitfall,open,3,,,,49,0,0,1,50,100,7,herb,TRUE,
Carrizo Shrub,August,pitfall,open,4,,,,16,0,0,1,83,100,8,herb,TRUE,
Carrizo Shrub,August,pitfall,open,5,,,,23,0,6,2,69,100,4,grass,TRUE,
Carrizo Shrub,August,pitfall,open,6,,,,84,0,0,1,15,100,2,grass,TRUE,
Carrizo Shrub,August,pitfall,open,7,,,,38,0,0,2,60,100,6,grass,TRUE,
Carrizo Shrub,August,pitfall,open,8,,,,52,0,0,3,45,100,10,grass,TRUE,
Carrizo Shrub,August,pitfall,open,9,,,,48,0,0,1,51,100,4,grass,TRUE,
Carrizo Shrub,August,pitfall,open,10,,,,37,0,0,0,63,100,7,herb,TRUE,
Carrizo Shrub,August,pitfall,open,11,,,,41,0,0,1,58,100,10,herb,TRUE,
Carrizo Shrub,August,pitfall,open,12,,,,36,0,0,4,60,100,8,herb,TRUE,
Carrizo Shrubless,August,pitfall,open,1,,,,92,0,0,0,8,100,13,herb,TRUE,
Carrizo Shrubless,August,pitfall,open,2,,,,82,3,0,0,15,100,22,grass,TRUE,
Carrizo Shrubless,August,pitfall,open,3,,,,95,0,2,0,3,100,8,grass,TRUE,
Carrizo Shrubless,August,pitfall,open,4,,,,49,0,0,0,51,100,15,grass,TRUE,
Carrizo Shrubless,August,pitfall,open,5,,,,2,0,0,0,98,100,1,grass,TRUE,
Carrizo Shrubless,August,pitfall,open,6,,,,90,0,0,0,10,100,12,grass,TRUE,
Carrizo Shrubless,August,pitfall,open,7,,,,15,0,0,0,85,100,3,grass,TRUE,
Carrizo Shrubless,August,pitfall,open,8,,,,60,0,1,0,39,100,6,grass,TRUE,
Carrizo Shrubless,August,pitfall,open,9,,,,59,0,0,1,40,100,7,grass,TRUE,
Carrizo Shrubless,August,pitfall,open,10,,,,94,0,0,1,5,100,3,grass,TRUE,
Carrizo Shrubless,August,pitfall,open,11,,,,95,0,0,0,5,100,66,grass,TRUE,
Carrizo Shrubless,August,pitfall,open,12,,,,99,0,1,0,0,100,44,grass,TRUE,
Carrizo Shrubless,August,pitfall,open,13,,,,62,3,0,0,35,100,10,grass,TRUE,
Carrizo Shrubless,August,pitfall,open,14,,,,11,0,0,0,89,100,1,grass,TRUE,
Carrizo Shrubless,August,pitfall,open,15,,,,70,4,0,0,26,100,6,grass,TRUE,
Carrizo Shrubless,August,pitfall,open,16,,,,99,0,1,0,0,100,67,grass,TRUE,
Carrizo Shrubless,August,pitfall,open,17,,,,50,0,0,0,50,100,11,grass,TRUE,
Carrizo Shrubless,August,pitfall,open,18,,,,40,0,0,0,60,100,10,herb,TRUE,
Carrizo Shrubless,August,pitfall,open,19,,,,95,0,0,0,5,100,2,grass,TRUE,
Carrizo Shrubless,August,pitfall,open,20,,,,80,0,6,0,14,100,8,grass,TRUE,
Carrizo Shrubless,August,pitfall,open,21,,,,75,0,0,0,25,100,4,grass,TRUE,
Carrizo Shrubless,August,pitfall,open,22,,,,94,0,5,0,1,100,16,grass,TRUE,
Carrizo Shrubless,August,pitfall,open,23,,,,85,0,0,0,15,100,12,herb,TRUE,
Carrizo Shrubless,August,pitfall,open,24,,,,93,0,0,0,7,100,14,grass,TRUE,
Lokern,August,pitfall,shrub,1,390,250,140,100,0,0,0,0,100,30,grass,TRUE,
Lokern,August,pitfall,shrub,2,350,370,150,70,0,0,4,26,100,26,grass,TRUE,
Lokern,August,pitfall,shrub,3,120,90,100,94,0,0,0,6,100,28,grass,TRUE,
Lokern,August,pitfall,shrub,4,250,210,140,80,0,0,0,20,100,26,grass,TRUE,
Lokern,August,pitfall,shrub,5,390,310,155,96,0,1,0,3,100,29,grass,TRUE,
Lokern,August,pitfall,shrub,6,450,200,180,45,0,0,0,55,100,16,grass,TRUE,
Lokern,August,pitfall,shrub,7,320,210,120,90,0,0,0,10,100,24,grass,TRUE,
Lokern,August,pitfall,shrub,8,180,150,105,97,0,0,0,3,100,24,grass,TRUE,Two shrubs very close together
Lokern,August,pitfall,shrub,9,110,75,145,65,0,0,0,35,100,22,grass,TRUE,
Lokern,August,pitfall,shrub,10,180,155,120,98,0,0,0,2,100,16,grass,TRUE,
Lokern,August,pitfall,shrub,11,245,140,100,42,0,0,0,58,100,12,grass,TRUE,
Lokern,August,pitfall,shrub,12,190,150,130,45,0,0,0,55,100,19,grass,TRUE,
Lokern,August,pitfall,open,1,,,,85,0,0,3,12,100,18,herb,TRUE,
Lokern,August,pitfall,open,2,,,,12,0,0,30,58,100,26,herb,TRUE,
Lokern,August,pitfall,open,3,,,,50,0,0,1,49,100,27,grass,TRUE,
Lokern,August,pitfall,open,4,,,,96,0,1,0,3,100,29,grass,TRUE,
Lokern,August,pitfall,open,5,,,,30,0,0,0,70,100,22,herb,TRUE,
Lokern,August,pitfall,open,6,,,,6,2,0,1,91,100,7,grass,TRUE,
Lokern,August,pitfall,open,7,,,,80,0,0,1,19,100,17,herb,TRUE,
Lokern,August,pitfall,open,8,,,,87,0,0,0,13,100,25,herb,TRUE,
Lokern,August,pitfall,open,9,,,,60,0,0,1,39,100,14,herb,TRUE,
Lokern,August,pitfall,open,10,,,,15,0,0,15,70,100,7,herb,TRUE,
Lokern,August,pitfall,open,11,,,,0,0,0,2,98,100,0,NA,NA,
Lokern,August,pitfall,open,12,,,,15,3,1,50,31,100,20,grass,TRUE,
Semitropic,August,pitfall,shrub,1,190,185,100,99,0,0,0,1,100,19,grass,TRUE,
Semitropic,August,pitfall,shrub,2,130,105,100,13,0,0,0,87,100,7,herb,TRUE,
Semitropic,August,pitfall,shrub,3,160,160,110,94,0,2,0,4,100,15,grass,TRUE,
Semitropic,August,pitfall,shrub,4,205,190,95,100,0,0,0,0,100,16,grass,TRUE,
Semitropic,August,pitfall,shrub,5,105,95,85,99,0,1,0,0,100,15,grass,TRUE,
Semitropic,August,pitfall,shrub,6,180,170,90,100,0,0,0,0,100,22,grass,TRUE,
Semitropic,August,pitfall,shrub,7,230,225,110,100,0,0,0,0,100,25,grass,TRUE,
Semitropic,August,pitfall,shrub,8,255,170,90,98,0,0,1,1,100,17,grass,TRUE,
Semitropic,August,pitfall,shrub,9,300,260,105,96,0,0,0,4,100,16,grass,TRUE,
Semitropic,August,pitfall,shrub,10,280,260,105,92,0,8,0,0,100,23,grass,TRUE,
Semitropic,August,pitfall,shrub,11,305,295,125,90,0,0,0,10,100,19,grass,TRUE,
Semitropic,August,pitfall,shrub,12,180,155,95,80,0,0,0,20,100,19,grass,TRUE,
Semitropic,August,pitfall,open,1,,,,50,0,0,0,50,100,7,herb,TRUE,
Semitropic,August,pitfall,open,2,,,,7,0,1,0,92,100,11,herb,TRUE,
Semitropic,August,pitfall,open,3,,,,40,0,0,0,60,100,4,herb,TRUE,
Semitropic,August,pitfall,open,4,,,,96,0,2,0,2,100,15,herb,TRUE,
Semitropic,August,pitfall,open,5,,,,15,0,15,0,70,100,3,herb,TRUE,
Semitropic,August,pitfall,open,6,,,,65,0,0,0,35,100,5,herb,TRUE,
Semitropic,August,pitfall,open,7,,,,50,0,0,0,50,100,6,herb,TRUE,
Semitropic,August,pitfall,open,8,,,,85,0,0,0,15,100,22,herb,TRUE,
Semitropic,August,pitfall,open,9,,,,25,0,8,0,67,100,11,herb,TRUE,
Semitropic,August,pitfall,open,10,,,,96,0,1,0,3,100,11,herb,TRUE,
Semitropic,August,pitfall,open,11,,,,6,0,0,0,94,100,8,herb,TRUE,
Semitropic,August,pitfall,open,12,,,,0,0,0,0,100,100,NA,NA,NA,
Coalinga,August,pitfall,open,1,,,,100,0,0,0,0,100,14,grass,TRUE,
Coalinga,August,pitfall,open,2,,,,97,3,0,0,0,100,20,grass,TRUE,
Coalinga,August,pitfall,open,3,,,,100,0,0,0,0,100,21,grass,TRUE,
Coalinga,August,pitfall,open,4,,,,0,0,1,3,96,100,NA,NA,NA,
Coalinga,August,pitfall,open,5,,,,10,9,1,0,80,100,34,grass,TRUE,
Coalinga,August,pitfall,open,6,,,,67,2,1,0,30,100,16,grass,TRUE,
Coalinga,August,pitfall,open,7,,,,98,2,0,0,0,100,15,grass,TRUE,
Coalinga,August,pitfall,open,8,,,,91,9,0,0,0,100,16,grass,TRUE,
Coalinga,August,pitfall,open,9,,,,99,0,1,0,0,100,24,grass,TRUE,
Coalinga,August,pitfall,open,10,,,,95,2,1,0,2,100,24,grass,TRUE,
Coalinga,August,pitfall,open,11,,,,79,0,0,1,20,100,12,grass,TRUE,
Coalinga,August,pitfall,open,12,,,,54,5,1,0,40,100,13,grass,TRUE,
Coalinga,August,pitfall,open,13,,,,88,8,2,0,2,100,20,grass,TRUE,
Coalinga,August,pitfall,open,14,,,,97,1,0,0,2,100,20,grass,TRUE,
Coalinga,August,pitfall,open,15,,,,99,0,1,0,0,100,13,grass,TRUE,
Coalinga,August,pitfall,open,16,,,,0,0,0,1,99,100,NA,NA,NA,
Coalinga,August,pitfall,open,17,,,,97,2,0,0,1,100,6,grass,TRUE,
Coalinga,August,pitfall,open,18,,,,94,6,0,0,0,100,32,grass,TRUE,
Coalinga,August,pitfall,open,19,,,,99,1,0,0,0,100,17,herb,TRUE,
Coalinga,August,pitfall,open,20,,,,96,0,0,0,4,100,20,grass,TRUE,
Coalinga,August,pitfall,open,21,,,,76,3,10,1,10,100,13,grass,TRUE,
Coalinga,August,pitfall,open,22,,,,3,0,0,15,82,100,2,herb,TRUE,
Coalinga,August,pitfall,open,23,,,,72,2,1,1,24,100,12,herb,TRUE,
Coalinga,August,pitfall,open,24,,,,86,0,0,1,13,100,7,herb,TRUE,
Avenal,August,pitfall,shrub,1,305,190,150,100,0,0,0,0,100,49,grass,TRUE,
Avenal,August,pitfall,shrub,2,130,115,120,100,0,0,0,0,100,32,grass,TRUE,
Avenal,August,pitfall,shrub,3,215,170,105,100,0,0,0,0,100,33,grass,TRUE,
Avenal,August,pitfall,shrub,4,140,120,110,20,0,20,2,58,100,29,grass,TRUE,
Avenal,August,pitfall,shrub,5,360,235,160,38,0,4,0,58,100,36,grass,TRUE,
Avenal,August,pitfall,shrub,6,290,210,95,89,0,4,3,4,100,24,grass,TRUE,
Avenal,August,pitfall,shrub,7,200,160,145,100,0,0,0,0,100,27,grass,TRUE,
Avenal,August,pitfall,shrub,8,385,220,145,80,0,20,0,0,100,28,grass,TRUE,
Avenal,August,pitfall,shrub,9,370,285,160,100,0,0,0,0,100,42,grass,TRUE,
Avenal,August,pitfall,shrub,10,300,230,165,95,0,5,0,0,100,33,grass,TRUE,
Avenal,August,pitfall,shrub,11,220,170,140,100,0,0,0,0,100,27,grass,TRUE,
Avenal,August,pitfall,shrub,12,230,170,155,100,0,0,0,0,100,20,grass,TRUE,
Avenal,August,pitfall,open,1,,,,100,0,0,0,0,100,25,grass,TRUE,
Avenal,August,pitfall,open,2,,,,90,0,10,0,0,100,56,grass,TRUE,
Avenal,August,pitfall,open,3,,,,97,0,0,0,3,100,50,grass,TRUE,
Avenal,August,pitfall,open,4,,,,3,0,0,12,85,100,9,grass,TRUE,
Avenal,August,pitfall,open,5,,,,0,0,3,15,82,100,NA,NA,NA,
Avenal,August,pitfall,open,6,,,,0,0,0,6,94,100,NA,NA,NA,
Avenal,August,pitfall,open,7,,,,19,4,0,7,70,100,9,herb,TRUE,
Avenal,August,pitfall,open,8,,,,16,0,5,0,79,100,11,herb,TRUE,
Avenal,August,pitfall,open,9,,,,96,0,0,0,4,100,8,herb,TRUE,
Avenal,August,pitfall,open,10,,,,100,0,0,0,0,100,29,grass,TRUE,
Avenal,August,pitfall,open,11,,,,100,0,0,0,0,100,33,grass,TRUE,
Avenal,August,pitfall,open,12,,,,16,0,0,6,78,100,10,herb,TRUE,
Silver Creek,August,pitfall,shrub,1,295,290,150,100,0,0,0,0,100,33,grass,TRUE,
Silver Creek,August,pitfall,shrub,2,480,390,200,95,0,5,0,0,100,20,grass,TRUE,
Silver Creek,August,pitfall,shrub,3,310,295,160,100,0,0,0,0,100,3,grass,TRUE,
Silver Creek,August,pitfall,shrub,4,225,125,145,50,0,50,0,0,100,10,grass,TRUE,
Silver Creek,August,pitfall,shrub,5,370,280,145,95,0,0,3,2,100,7,grass,TRUE,
Silver Creek,August,pitfall,shrub,6,385,340,160,75,0,25,0,0,100,8,grass,TRUE,
Silver Creek,August,pitfall,shrub,7,320,270,170,90,0,5,0,5,100,18,grass,TRUE,
Silver Creek,August,pitfall,shrub,8,250,245,140,90,0,0,0,10,100,11,grass,TRUE,
Silver Creek,August,pitfall,shrub,9,285,225,135,96,0,2,0,2,100,1,grass,TRUE,
Silver Creek,August,pitfall,shrub,10,280,220,170,50,0,10,0,40,100,9,grass,TRUE,
Silver Creek,August,pitfall,shrub,11,130,125,135,30,0,0,0,70,100,7,grass,TRUE,
Silver Creek,August,pitfall,shrub,12,380,325,170,100,0,0,0,0,100,11,grass,TRUE,
Silver Creek,August,pitfall,open,1,,,,100,0,0,0,0,100,12,grass,TRUE,
Silver Creek,August,pitfall,open,2,,,,40,0,0,0,60,100,3,grass,TRUE,
Silver Creek,August,pitfall,open,3,,,,20,0,10,0,70,100,2,grass,TRUE,
Silver Creek,August,pitfall,open,4,,,,40,0,0,0,60,100,7,grass,TRUE,
Silver Creek,August,pitfall,open,5,,,,50,0,0,0,50,100,1,grass,TRUE,
Silver Creek,August,pitfall,open,6,,,,30,0,0,0,70,100,5,grass,TRUE,
Silver Creek,August,pitfall,open,7,,,,90,0,0,0,10,100,4,grass,TRUE,
Silver Creek,August,pitfall,open,8,,,,80,0,2,0,18,100,3,grass,TRUE,
Silver Creek,August,pitfall,open,9,,,,75,0,0,0,25,100,1,grass,TRUE,
Silver Creek,August,pitfall,open,10,,,,100,0,0,0,0,100,12,grass,TRUE,
Silver Creek,August,pitfall,open,11,,,,50,0,0,0,50,100,1,grass,TRUE,
Silver Creek,August,pitfall,open,12,,,,5,0,0,0,95,100,1,grass,TRUE,
Panoche Plateau,August,pitfall,shrub,1,295,255,165,100,0,0,0,0,100,30,grass,TRUE,
Panoche Plateau,August,pitfall,shrub,2,200,145,80,100,0,0,0,0,100,22,grass,TRUE,
Panoche Plateau,August,pitfall,shrub,3,290,270,140,100,0,0,0,0,100,44,grass,TRUE,
Panoche Plateau,August,pitfall,shrub,4,260,250,135,100,0,0,0,0,100,24,grass,TRUE,
Panoche Plateau,August,pitfall,shrub,5,210,180,105,92,0,0,0,8,100,36,grass,TRUE,
Panoche Plateau,August,pitfall,shrub,6,330,210,95,100,0,0,0,0,100,34,grass,TRUE,
Panoche Plateau,August,pitfall,shrub,7,340,290,90,95,0,4,0,1,100,37,grass,TRUE,
Panoche Plateau,August,pitfall,shrub,8,250,190,110,95,5,0,0,0,100,23,grass,TRUE,
Panoche Plateau,August,pitfall,shrub,9,310,240,110,98,0,2,0,0,100,44,grass,TRUE,
Panoche Plateau,August,pitfall,shrub,10,350,260,115,95,0,5,0,0,100,36,grass,TRUE,
Panoche Plateau,August,pitfall,shrub,11,370,330,130,96,0,4,0,0,100,23,grass,TRUE,
Panoche Plateau,August,pitfall,shrub,12,300,250,120,87,10,3,0,0,100,36,grass,TRUE,
Panoche Plateau,August,pitfall,open,1,,,,100,0,0,0,0,100,22,grass,TRUE,
Panoche Plateau,August,pitfall,open,2,,,,99,0,0,1,0,100,15,grass,TRUE,
Panoche Plateau,August,pitfall,open,3,,,,98,0,0,0,2,100,26,grass,TRUE,
Panoche Plateau,August,pitfall,open,4,,,,98,0,0,0,2,100,16,grass,TRUE,
Panoche Plateau,August,pitfall,open,5,,,,100,0,0,0,0,100,15,grass,TRUE,
Panoche Plateau,August,pitfall,open,6,,,,100,0,0,0,0,100,22,grass,TRUE,
Panoche Plateau,August,pitfall,open,7,,,,99,0,0,0,1,100,18,grass,TRUE,
Panoche Plateau,August,pitfall,open,8,,,,95,0,0,5,0,100,28,grass,TRUE,
Panoche Plateau,August,pitfall,open,9,,,,100,0,0,0,0,100,25,grass,TRUE,
Panoche Plateau,August,pitfall,open,10,,,,60,0,0,10,30,100,16,grass,TRUE,
Panoche Plateau,August,pitfall,open,11,,,,77,0,0,20,3,100,22,grass,TRUE,
Panoche Plateau,August,pitfall,open,12,,,,96,0,0,4,0,100,17,grass,TRUE,
Mountain View,August,pitfall,open,1,,,,90,0,0,0,10,100,14,grass,TRUE,
Mountain View,August,pitfall,open,2,,,,92,0,0,0,8,100,27,grass,TRUE,
Mountain View,August,pitfall,open,3,,,,84,0,1,0,15,100,11,grass,TRUE,
Mountain View,August,pitfall,open,4,,,,85,0,0,0,15,100,12,grass,TRUE,
Mountain View,August,pitfall,open,5,,,,50,1,0,0,49,100,9,grass,TRUE,
Mountain View,August,pitfall,open,6,,,,40,0,0,0,60,100,11,grass,TRUE,
Mountain View,August,pitfall,open,7,,,,35,0,0,0,65,100,12,grass,TRUE,cow dung
Mountain View,August,pitfall,open,8,,,,90,0,0,0,10,100,18,grass,TRUE,cow dung
Mountain View,August,pitfall,open,9,,,,95,0,0,0,5,100,4,grass,TRUE,
Mountain View,August,pitfall,open,10,,,,75,0,0,0,25,100,19,grass,TRUE,cow dung
Mountain View,August,pitfall,open,11,,,,70,0,0,0,30,100,10,grass,TRUE,
Mountain View,August,pitfall,open,12,,,,65,0,0,0,35,100,10,grass,TRUE,cow dung
Mountain View,August,pitfall,open,13,,,,50,0,0,0,50,100,15,grass,TRUE,
Mountain View,August,pitfall,open,14,,,,80,0,0,0,20,100,15,grass,TRUE,cow dung
Mountain View,August,pitfall,open,15,,,,90,0,0,0,10,100,8,grass,TRUE,cow dung
Mountain View,August,pitfall,open,16,,,,50,0,0,0,50,100,5,grass,TRUE,
Mountain View,August,pitfall,open,17,,,,40,0,0,0,60,100,13,grass,TRUE,
Mountain View,August,pitfall,open,18,,,,50,0,0,0,50,100,10,grass,TRUE,
Mountain View,August,pitfall,open,19,,,,55,0,0,0,45,100,13,grass,TRUE,
Mountain View,August,pitfall,open,20,,,,85,0,0,0,15,100,8,grass,TRUE,cow dung
Mountain View,August,pitfall,open,21,,,,80,0,0,0,20,100,13,grass,TRUE,
Mountain View,August,pitfall,open,22,,,,95,0,0,0,5,100,15,grass,TRUE,
Mountain View,August,pitfall,open,23,,,,65,0,0,0,35,100,14,grass,TRUE,
Mountain View,August,pitfall,open,24,,,,90,0,0,0,10,100,14,grass,TRUE,
Carrizo Shrub,September,pitfall,shrub,1,280,200,110,50,0,6,2,42,100,22,grass,TRUE,
Carrizo Shrub,September,pitfall,shrub,2,490,370,160,94,0,5,1,0,100,19,grass,TRUE,3 shrub cluster
Carrizo Shrub,September,pitfall,shrub,3,260,190,100,46,0,3,5,46,100,15,grass,TRUE,
Carrizo Shrub,September,pitfall,shrub,4,380,240,150,78,0,15,2,5,100,10,grass,TRUE,
Carrizo Shrub,September,pitfall,shrub,5,160,130,120,35,0,15,35,15,100,12,grass,TRUE,
Carrizo Shrub,September,pitfall,shrub,6,380,330,150,40,0,45,15,0,100,28,grass,TRUE,
Carrizo Shrub,September,pitfall,shrub,7,500,160,100,90,0,5,5,0,100,20,grass,TRUE,3 shrub cluster
Carrizo Shrub,September,pitfall,shrub,8,280,230,180,77,0,10,3,10,100,24,grass,TRUE,
Carrizo Shrub,September,pitfall,shrub,9,420,400,140,0,0,7,25,68,100,NA,NA,NA,
Carrizo Shrub,September,pitfall,shrub,10,300,290,110,22,0,4,12,62,100,12,grass,TRUE,
Carrizo Shrub,September,pitfall,shrub,11,440,400,180,42,0,3,12,43,100,9,grass,TRUE,
Carrizo Shrub,September,pitfall,shrub,12,360,340,90,65,0,25,4,6,100,21,grass,TRUE,
Carrizo Shrub,September,pitfall,open,1,,,,20,0,2,20,58,100,8,herb,TRUE,
Carrizo Shrub,September,pitfall,open,2,,,,10,0,3,7,80,100,11,grass,TRUE,
Carrizo Shrub,September,pitfall,open,3,,,,50,0,10,9,31,100,12,grass,TRUE,
Carrizo Shrub,September,pitfall,open,4,,,,20,0,3,17,60,100,9,herb,TRUE,
Carrizo Shrub,September,pitfall,open,5,,,,18,0,4,13,65,100,17,herb,TRUE,
Carrizo Shrub,September,pitfall,open,6,,,,24,0,6,55,15,100,5,herb,TRUE,
Carrizo Shrub,September,pitfall,open,7,,,,22,0,0,25,53,100,7,grass,TRUE,
Carrizo Shrub,September,pitfall,open,8,,,,27,0,2,10,61,100,6,herb,TRUE,
Carrizo Shrub,September,pitfall,open,9,,,,23,0,1,32,44,100,9,grass,TRUE,
Carrizo Shrub,September,pitfall,open,10,,,,10,0,32,29,29,100,6,grass,TRUE,
Carrizo Shrub,September,pitfall,open,11,,,,35,0,4,45,16,100,14,grass,TRUE,
Carrizo Shrub,September,pitfall,open,12,,,,47,0,7,6,40,100,14,herb,TRUE,
Carrizo Shrubless,September,pitfall,open,1,,,,63,0,7,5,25,100,19,grass,TRUE,
Carrizo Shrubless,September,pitfall,open,2,,,,10,0,30,15,45,100,4,grass,TRUE,
Carrizo Shrubless,September,pitfall,open,3,,,,15,0,30,20,35,100,3,grass,TRUE,
Carrizo Shrubless,September,pitfall,open,4,,,,2,0,35,35,28,100,5,grass,TRUE,
Carrizo Shrubless,September,pitfall,open,5,,,,75,0,10,10,5,100,12,grass,TRUE,
Carrizo Shrubless,September,pitfall,open,6,,,,45,0,20,15,20,100,27,herb,TRUE,
Carrizo Shrubless,September,pitfall,open,7,,,,40,0,4,6,50,100,16,grass,TRUE,
Carrizo Shrubless,September,pitfall,open,8,,,,1,0,2,7,90,100,1,grass,TRUE,
Carrizo Shrubless,September,pitfall,open,9,,,,0,0,25,10,65,100,NA,NA,NA,
Carrizo Shrubless,September,pitfall,open,10,,,,70,0,25,0,5,100,21,grass,TRUE,
Carrizo Shrubless,September,pitfall,open,11,,,,49,0,10,1,40,100,18,herb,TRUE,
Carrizo Shrubless,September,pitfall,open,12,,,,6,0,65,4,25,100,5,grass,TRUE,
Carrizo Shrubless,September,pitfall,open,13,,,,2,0,1,20,77,100,3,grass,TRUE,
Carrizo Shrubless,September,pitfall,open,14,,,,1,0,30,8,61,100,6,grass,TRUE,
Carrizo Shrubless,September,pitfall,open,15,,,,30,0,17,3,50,100,28,herb,TRUE,
Carrizo Shrubless,September,pitfall,open,16,,,,1,0,93,3,3,100,3,grass,TRUE,
Carrizo Shrubless,September,pitfall,open,17,,,,37,0,10,8,45,100,28,grass,TRUE,
Carrizo Shrubless,September,pitfall,open,18,,,,60,0,5,2,33,100,32,grass,TRUE,
Carrizo Shrubless,September,pitfall,open,19,,,,15,0,48,2,35,100,17,grass,TRUE,
Carrizo Shrubless,September,pitfall,open,20,,,,20,0,52,5,23,100,20,grass,TRUE,
Carrizo Shrubless,September,pitfall,open,21,,,,48,0,15,4,33,100,10,grass,TRUE,
Carrizo Shrubless,September,pitfall,open,22,,,,30,0,15,2,53,100,27,grass,TRUE,
Carrizo Shrubless,September,pitfall,open,23,,,,5,0,8,8,79,100,2,grass,TRUE,
Carrizo Shrubless,September,pitfall,open,24,,,,20,0,35,1,44,100,11,grass,TRUE,
Lokern,September,pitfall,shrub,1,320,250,120,70,0,0,1,29,100,30,grass,TRUE,
Lokern,September,pitfall,shrub,2,260,250,120,100,0,0,0,0,100,39,grass,TRUE,
Lokern,September,pitfall,shrub,3,180,170,140,100,0,0,0,0,100,37,grass,TRUE,
Lokern,September,pitfall,shrub,4,400,390,130,98,0,0,0,2,100,22,grass,TRUE,
Lokern,September,pitfall,shrub,5,320,240,100,98,0,1,0,1,100,23,grass,TRUE,
Lokern,September,pitfall,shrub,6,210,140,90,90,0,0,0,10,100,32,grass,TRUE,
Lokern,September,pitfall,shrub,7,340,280,170,100,0,0,0,0,100,24,grass,TRUE,
Lokern,September,pitfall,shrub,8,390,320,110,88,0,0,0,12,100,29,grass,TRUE,
Lokern,September,pitfall,shrub,9,360,190,110,99,0,1,0,0,100,35,grass,TRUE,
Lokern,September,pitfall,shrub,10,300,240,170,8,0,2,1,89,100,23,grass,TRUE,
Lokern,September,pitfall,shrub,11,260,220,130,100,0,0,0,0,100,32,grass,TRUE,
Lokern,September,pitfall,shrub,12,190,170,80,45,0,3,2,50,100,13,grass,TRUE,
Lokern,September,pitfall,open,1,,,,65,20,2,2,11,100,15,herb,TRUE,
Lokern,September,pitfall,open,2,,,,91,0,7,0,2,100,17,grass,TRUE,
Lokern,September,pitfall,open,3,,,,22,0,0,2,76,100,12,grass,TRUE,
Lokern,September,pitfall,open,4,,,,55,0,4,5,36,100,23,grass,TRUE,
Lokern,September,pitfall,open,5,,,,86,0,7,1,6,100,29,herb,TRUE,
Lokern,September,pitfall,open,6,,,,16,0,0,7,77,100,13,grass,TRUE,
Lokern,September,pitfall,open,7,,,,13,0,0,3,84,100,14,herb,TRUE,
Lokern,September,pitfall,open,8,,,,46,0,0,4,50,100,14,herb,TRUE,
Lokern,September,pitfall,open,9,,,,85,0,5,0,10,100,8,herb,TRUE,
Lokern,September,pitfall,open,10,,,,19,0,0,6,75,100,16,grass,TRUE,
Lokern,September,pitfall,open,11,,,,10,0,0,10,80,100,4,grass,TRUE,
Lokern,September,pitfall,open,12,,,,30,0,0,5,65,100,7,grass,TRUE,
Semitropic,September,pitfall,shrub,1,180,170,120,35,0,60,0,5,100,30,grass,TRUE,
Semitropic,September,pitfall,shrub,2,170,140,100,78,0,2,0,20,100,26,grass,TRUE,
Semitropic,September,pitfall,shrub,3,220,160,100,97,0,2,0,1,100,37,grass,TRUE,
Semitropic,September,pitfall,shrub,4,200,180,130,5,0,0,0,95,100,15,grass,TRUE,
Semitropic,September,pitfall,shrub,5,210,200,120,23,0,0,0,77,100,22,grass,TRUE,
Semitropic,September,pitfall,shrub,6,230,220,140,65,0,8,0,27,100,24,grass,TRUE,
Semitropic,September,pitfall,shrub,7,140,140,100,5,0,0,0,95,100,10,grass,TRUE,
Semitropic,September,pitfall,shrub,8,120,100,80,45,0,1,0,54,100,28,grass,TRUE,
Semitropic,September,pitfall,shrub,9,250,220,130,90,0,0,0,10,100,24,grass,TRUE,
Semitropic,September,pitfall,shrub,10,230,200,120,80,0,0,0,20,100,15,grass,TRUE,
Semitropic,September,pitfall,shrub,11,220,180,110,25,0,1,0,74,100,14,grass,TRUE,
Semitropic,September,pitfall,shrub,12,160,150,110,20,0,0,0,80,100,11,grass,TRUE,
Semitropic,September,pitfall,open,1,,,,45,0,0,0,55,100,26,herb,TRUE,
Semitropic,September,pitfall,open,2,,,,99,0,0,0,1,100,25,grass,TRUE,
Semitropic,September,pitfall,open,3,,,,98,0,0,0,2,100,19,herb,TRUE,
Semitropic,September,pitfall,open,4,,,,6,0,0,0,94,100,5,herb,TRUE,
Semitropic,September,pitfall,open,5,,,,7,0,1,0,92,100,4,herb,TRUE,
Semitropic,September,pitfall,open,6,,,,72,0,3,0,25,100,16,herb,TRUE,
Semitropic,September,pitfall,open,7,,,,98,0,0,0,2,100,29,herb,TRUE,
Semitropic,September,pitfall,open,8,,,,97,0,2,0,1,100,15,herb,TRUE,
Semitropic,September,pitfall,open,9,,,,96,0,2,0,2,100,37,grass,TRUE,
Semitropic,September,pitfall,open,10,,,,50,0,0,0,50,100,8,herb,TRUE,
Semitropic,September,pitfall,open,11,,,,100,0,0,0,0,100,30,grass,TRUE,
Semitropic,September,pitfall,open,12,,,,85,0,0,0,15,100,10,herb,TRUE,
Coalinga,September,pitfall,open,1,,,,96,2,0,2,0,100,8,grass,TRUE,
Coalinga,September,pitfall,open,2,,,,94,1,0,0,5,100,9,grass,TRUE,
Coalinga,September,pitfall,open,3,,,,99,0,1,0,0,100,13,grass,TRUE,
Coalinga,September,pitfall,open,4,,,,95,5,0,0,0,100,11,grass,TRUE,
Coalinga,September,pitfall,open,5,,,,95,0,0,0,5,100,13,grass,TRUE,
Coalinga,September,pitfall,open,6,,,,90,5,0,0,5,100,15,grass,TRUE,
Coalinga,September,pitfall,open,7,,,,95,0,0,0,5,100,10,grass,TRUE,
Coalinga,September,pitfall,open,8,,,,85,5,0,0,10,100,18,grass,TRUE,
Coalinga,September,pitfall,open,9,,,,70,5,0,10,15,100,5,grass,TRUE,cow dung
Coalinga,September,pitfall,open,10,,,,70,5,0,10,15,100,9,grass,TRUE,
Coalinga,September,pitfall,open,11,,,,80,10,0,5,5,100,11,grass,TRUE,
Coalinga,September,pitfall,open,12,,,,96,0,0,2,2,100,8,grass,TRUE,
Coalinga,September,pitfall,open,13,,,,90,0,0,0,10,100,21,grass,TRUE,
Coalinga,September,pitfall,open,14,,,,96,2,2,0,0,100,12,grass,TRUE,
Coalinga,September,pitfall,open,15,,,,97,0,1,0,2,100,8,grass,TRUE,
Coalinga,September,pitfall,open,16,,,,100,0,0,0,0,100,15,grass,TRUE,
Coalinga,September,pitfall,open,17,,,,98,0,0,0,2,100,17,grass,TRUE,cow dung
Coalinga,September,pitfall,open,18,,,,98,2,0,0,0,100,20,grass,TRUE,
Coalinga,September,pitfall,open,19,,,,93,2,0,0,5,100,15,grass,TRUE,cow dung
Coalinga,September,pitfall,open,20,,,,99,1,0,0,0,100,24,grass,TRUE,
Coalinga,September,pitfall,open,21,,,,88,5,0,2,5,100,11,grass,TRUE,
Coalinga,September,pitfall,open,22,,,,80,10,0,5,5,100,12,grass,TRUE,
Coalinga,September,pitfall,open,23,,,,96,0,2,2,0,100,4,grass,TRUE,
Coalinga,September,pitfall,open,24,,,,70,15,0,0,15,100,17,grass,TRUE,
Avenal,September,pitfall,shrub,1,260,185,125,15,0,0,0,85,100,18,grass,TRUE,
Avenal,September,pitfall,shrub,2,165,130,130,85,0,0,0,15,100,28,grass,TRUE,
Avenal,September,pitfall,shrub,3,285,230,195,80,0,0,0,20,100,27,grass,TRUE,
Avenal,September,pitfall,shrub,4,335,280,165,10,0,0,0,90,100,6,grass,TRUE,
Avenal,September,pitfall,shrub,5,230,225,160,95,0,0,0,5,100,10,grass,TRUE,
Avenal,September,pitfall,shrub,6,210,210,130,95,0,0,0,5,100,35,grass,TRUE,
Avenal,September,pitfall,shrub,7,270,220,145,95,0,0,0,5,100,37,grass,TRUE,
Avenal,September,pitfall,shrub,8,265,210,155,90,0,0,0,10,100,30,grass,TRUE,
Avenal,September,pitfall,shrub,9,200,150,145,95,0,0,0,5,100,30,grass,TRUE,
Avenal,September,pitfall,shrub,10,225,135,125,100,0,0,0,0,100,50,grass,TRUE,
Avenal,September,pitfall,shrub,11,260,180,135,100,0,0,0,0,100,33,grass,TRUE,
Avenal,September,pitfall,shrub,12,210,140,110,99,0,1,0,0,100,25,grass,TRUE,
Avenal,September,pitfall,open,1,,,,94,0,0,1,5,100,20,grass,TRUE,
Avenal,September,pitfall,open,2,,,,90,0,0,0,10,100,27,grass,TRUE,
Avenal,September,pitfall,open,3,,,,100,0,0,0,0,100,12,grass,TRUE,
Avenal,September,pitfall,open,4,,,,90,0,0,0,10,100,23,grass,TRUE,
Avenal,September,pitfall,open,5,,,,90,0,0,0,10,100,10,grass,TRUE,
Avenal,September,pitfall,open,6,,,,5,0,0,0,95,100,10,grass,TRUE,
Avenal,September,pitfall,open,7,,,,1,0,0,1,98,100,2,grass,TRUE,
Avenal,September,pitfall,open,8,,,,100,0,0,0,0,100,40,grass,TRUE,
Avenal,September,pitfall,open,9,,,,95,0,0,0,5,100,25,grass,TRUE,
Avenal,September,pitfall,open,10,,,,5,0,0,5,90,100,5,grass,TRUE,
Avenal,September,pitfall,open,11,,,,100,0,0,0,0,100,35,grass,TRUE,
Avenal,September,pitfall,open,12,,,,95,0,0,0,5,100,21,grass,TRUE,
Silver Creek,September,pitfall,shrub,1,330,290,150,98,0,0,0,2,100,34,grass,TRUE,
Silver Creek,September,pitfall,shrub,2,250,210,150,40,0,0,0,60,100,22,grass,TRUE,
Silver Creek,September,pitfall,shrub,3,220,190,140,100,0,0,0,0,100,30,grass,TRUE,
Silver Creek,September,pitfall,shrub,4,230,200,140,100,0,0,0,0,100,30,grass,TRUE,
Silver Creek,September,pitfall,shrub,5,220,210,150,98,0,0,0,2,100,42,grass,TRUE,
Silver Creek,September,pitfall,shrub,6,370,320,190,100,0,0,0,0,100,25,grass,TRUE,
Silver Creek,September,pitfall,shrub,7,170,150,120,90,0,0,0,10,100,14,grass,TRUE,
Silver Creek,September,pitfall,shrub,8,220,210,160,100,0,0,0,0,100,10,grass,TRUE,
Silver Creek,September,pitfall,shrub,9,360,340,200,5,0,2,0,93,100,0,herb,TRUE,
Silver Creek,September,pitfall,shrub,10,410,370,180,40,0,0,0,60,100,15,grass,TRUE,
Silver Creek,September,pitfall,shrub,11,570,550,250,30,0,0,0,70,100,21,grass,TRUE,
Silver Creek,September,pitfall,shrub,12,270,270,160,2,2,0,1,95,100,6,grass,TRUE,
Silver Creek,September,pitfall,open,1,,,,20,0,0,1,79,100,10,grass,TRUE,
Silver Creek,September,pitfall,open,2,,,,10,0,0,3,87,100,2,grass,TRUE,
Silver Creek,September,pitfall,open,3,,,,40,0,0,0,60,100,5,grass,TRUE,
Silver Creek,September,pitfall,open,4,,,,100,0,0,0,0,100,15,grass,TRUE,
Silver Creek,September,pitfall,open,5,,,,100,0,0,0,0,100,33,grass,TRUE,
Silver Creek,September,pitfall,open,6,,,,2,0,0,3,95,100,2,grass,TRUE,
Silver Creek,September,pitfall,open,7,,,,93,0,0,2,5,100,27,grass,TRUE,
Silver Creek,September,pitfall,open,8,,,,88,0,0,2,10,100,4,grass,TRUE,
Silver Creek,September,pitfall,open,9,,,,95,0,0,0,5,100,16,grass,TRUE,
Silver Creek,September,pitfall,open,10,,,,10,0,0,0,90,100,7,grass,TRUE,
Silver Creek,September,pitfall,open,11,,,,100,0,0,0,0,100,32,grass,TRUE,
Silver Creek,September,pitfall,open,12,,,,98,0,0,0,2,100,16,grass,TRUE,
Panoche Plateau,September,pitfall,shrub,1,290,200,130,96,2,1,1,0,100,50,grass,TRUE,
Panoche Plateau,September,pitfall,shrub,2,250,180,110,100,0,0,0,0,100,56,grass,TRUE,
Panoche Plateau,September,pitfall,shrub,3,250,170,140,90,0,0,0,10,100,32,grass,TRUE,
Panoche Plateau,September,pitfall,shrub,4,200,190,140,100,0,0,0,0,100,38,grass,TRUE,
Panoche Plateau,September,pitfall,shrub,5,260,220,130,100,0,0,0,0,100,33,grass,TRUE,
Panoche Plateau,September,pitfall,shrub,6,300,240,130,95,0,0,0,5,100,30,grass,TRUE,
Panoche Plateau,September,pitfall,shrub,7,200,200,140,95,0,0,0,5,100,20,grass,TRUE,
Panoche Plateau,September,pitfall,shrub,8,320,150,110,95,2,0,0,3,100,46,grass,TRUE,
Panoche Plateau,September,pitfall,shrub,9,400,260,160,95,0,0,0,5,100,32,grass,TRUE,inactive borrow
Panoche Plateau,September,pitfall,shrub,10,380,300,120,97,0,1,0,2,100,19,grass,TRUE,
Panoche Plateau,September,pitfall,shrub,11,270,220,150,99,0,1,0,0,100,30,grass,TRUE,
Panoche Plateau,September,pitfall,shrub,12,330,200,140,98,0,0,1,1,100,30,grass,TRUE,
Panoche Plateau,September,pitfall,open,1,,,,90,0,0,0,10,100,18,grass,TRUE,
Panoche Plateau,September,pitfall,open,2,,,,95,0,0,0,5,100,30,grass,TRUE,
Panoche Plateau,September,pitfall,open,3,,,,95,0,0,0,5,100,42,grass,TRUE,
Panoche Plateau,September,pitfall,open,4,,,,90,0,0,0,10,100,15,grass,TRUE,
Panoche Plateau,September,pitfall,open,5,,,,80,0,0,0,20,100,22,grass,TRUE,
Panoche Plateau,September,pitfall,open,6,,,,90,0,0,0,10,100,15,grass,TRUE,
Panoche Plateau,September,pitfall,open,7,,,,64,0,0,1,35,100,16,herb,TRUE,
Panoche Plateau,September,pitfall,open,8,,,,80,0,0,0,20,100,20,grass,TRUE,
Panoche Plateau,September,pitfall,open,9,,,,58,0,0,4,38,100,7,grass,TRUE,
Panoche Plateau,September,pitfall,open,10,,,,10,0,0,4,86,100,4,grass,TRUE,
Panoche Plateau,September,pitfall,open,11,,,,48,2,0,1,49,100,5,herb,TRUE,
Panoche Plateau,September,pitfall,open,12,,,,1,0,1,2,96,100,2,herb,TRUE,
Mountain View,September,pitfall,open,1,,,,44,0,1,0,55,100,14,herb,TRUE,
Mountain View,September,pitfall,open,2,,,,30,0,0,1,69,100,3,grass,TRUE,
Mountain View,September,pitfall,open,3,,,,60,8,1,1,30,100,10,herb,TRUE,
Mountain View,September,pitfall,open,4,,,,12,0,3,3,82,100,6,grass,TRUE,
Mountain View,September,pitfall,open,5,,,,10,0,1,0,89,100,11,grass,TRUE,
Mountain View,September,pitfall,open,6,,,,38,0,0,1,61,100,10,herb,TRUE,
Mountain View,September,pitfall,open,7,,,,15,0,0,0,85,100,12,grass,TRUE,
Mountain View,September,pitfall,open,8,,,,14,1,5,0,80,100,6,grass,TRUE,
Mountain View,September,pitfall,open,9,,,,60,0,0,0,40,100,5,herb,TRUE,
Mountain View,September,pitfall,open,10,,,,30,0,0,0,70,100,4,grass,TRUE,
Mountain View,September,pitfall,open,11,,,,50,0,0,0,50,100,10,grass,TRUE,
Mountain View,September,pitfall,open,12,,,,50,0,0,0,50,100,6,grass,TRUE,
Mountain View,September,pitfall,open,13,,,,15,0,0,0,85,100,7,grass,TRUE,
Mountain View,September,pitfall,open,14,,,,20,0,0,0,80,100,5,grass,TRUE,
Mountain View,September,pitfall,open,15,,,,95,0,0,0,5,100,22,grass,TRUE,
Mountain View,September,pitfall,open,16,,,,84,0,0,1,15,100,10,grass,TRUE,
Mountain View,September,pitfall,open,17,,,,85,0,0,0,15,100,14,grass,TRUE,
Mountain View,September,pitfall,open,18,,,,91,0,0,0,10,101,10,grass,TRUE,
Mountain View,September,pitfall,open,19,,,,15,0,0,0,85,100,10,grass,TRUE,
Mountain View,September,pitfall,open,20,,,,90,0,0,0,10,100,16,grass,TRUE,
Mountain View,September,pitfall,open,21,,,,60,0,0,0,40,100,6,grass,TRUE,
Mountain View,September,pitfall,open,22,,,,20,0,0,0,80,100,5,grass,TRUE,
Mountain View,September,pitfall,open,23,,,,15,0,0,0,85,100,10,grass,TRUE,
Mountain View,September,pitfall,open,24,,,,20,0,0,0,80,100,20,grass,TRUE,
