"","X","Site","month","Method","Microsite","Rep","field.micro","shrub.x","shrub.y","shrub.z","dry.veg.percent","green.veg.percent","woody.debris.percent","rocks.percent","bare.ground.percent","sum_percent","veg..height","dominant.type","dried.","notes","uniID","abun","Species"
"1",340,"Aven","Aug","pitfall","open",1,"open1",NA,NA,NA,100,0,0,0,0,100,25,"grass",TRUE,"","AvenAugopen1",6,2
"2",349,"Aven","Aug","pitfall","open",10,"open10",NA,NA,NA,100,0,0,0,0,100,29,"grass",TRUE,"","AvenAugopen10",9,1
"3",350,"Aven","Aug","pitfall","open",11,"open11",NA,NA,NA,100,0,0,0,0,100,33,"grass",TRUE,"","AvenAugopen11",8,2
"4",351,"Aven","Aug","pitfall","open",12,"open12",NA,NA,NA,16,0,0,6,78,100,10,"herb",TRUE,"","AvenAugopen12",2,1
"5",341,"Aven","Aug","pitfall","open",2,"open2",NA,NA,NA,90,0,10,0,0,100,56,"grass",TRUE,"","AvenAugopen2",13,2
"6",342,"Aven","Aug","pitfall","open",3,"open3",NA,NA,NA,97,0,0,0,3,100,50,"grass",TRUE,"","AvenAugopen3",1,1
"7",343,"Aven","Aug","pitfall","open",4,"open4",NA,NA,NA,3,0,0,12,85,100,9,"grass",TRUE,"","AvenAugopen4",4,2
"8",344,"Aven","Aug","pitfall","open",5,"open5",NA,NA,NA,0,0,3,15,82,100,NA,NA,NA,"","AvenAugopen5",6,2
"9",345,"Aven","Aug","pitfall","open",6,"open6",NA,NA,NA,0,0,0,6,94,100,NA,NA,NA,"","AvenAugopen6",9,2
"10",346,"Aven","Aug","pitfall","open",7,"open7",NA,NA,NA,19,4,0,7,70,100,9,"herb",TRUE,"","AvenAugopen7",8,2
"11",347,"Aven","Aug","pitfall","open",8,"open8",NA,NA,NA,16,0,5,0,79,100,11,"herb",TRUE,"","AvenAugopen8",18,2
"12",348,"Aven","Aug","pitfall","open",9,"open9",NA,NA,NA,96,0,0,0,4,100,8,"herb",TRUE,"","AvenAugopen9",12,2
"13",328,"Aven","Aug","pitfall","shrub",1,"shrub1",305,190,150,100,0,0,0,0,100,49,"grass",TRUE,"","AvenAugshrub1",1,1
"14",337,"Aven","Aug","pitfall","shrub",10,"shrub10",300,230,165,95,0,5,0,0,100,33,"grass",TRUE,"","AvenAugshrub10",1,1
"16",329,"Aven","Aug","pitfall","shrub",2,"shrub2",130,115,120,100,0,0,0,0,100,32,"grass",TRUE,"","AvenAugshrub2",4,2
"17",330,"Aven","Aug","pitfall","shrub",3,"shrub3",215,170,105,100,0,0,0,0,100,33,"grass",TRUE,"","AvenAugshrub3",6,1
"18",331,"Aven","Aug","pitfall","shrub",4,"shrub4",140,120,110,20,0,20,2,58,100,29,"grass",TRUE,"","AvenAugshrub4",8,1
"19",332,"Aven","Aug","pitfall","shrub",5,"shrub5",360,235,160,38,0,4,0,58,100,36,"grass",TRUE,"","AvenAugshrub5",16,2
"20",333,"Aven","Aug","pitfall","shrub",6,"shrub6",290,210,95,89,0,4,3,4,100,24,"grass",TRUE,"","AvenAugshrub6",40,1
"21",334,"Aven","Aug","pitfall","shrub",7,"shrub7",200,160,145,100,0,0,0,0,100,27,"grass",TRUE,"","AvenAugshrub7",23,2
"22",335,"Aven","Aug","pitfall","shrub",8,"shrub8",385,220,145,80,0,20,0,0,100,28,"grass",TRUE,"","AvenAugshrub8",18,2
"23",336,"Aven","Aug","pitfall","shrub",9,"shrub9",370,285,160,100,0,0,0,0,100,42,"grass",TRUE,"","AvenAugshrub9",15,1
"25",138,"Aven","July","pitfall","open",10,"open10",NA,NA,NA,93,0,2,0,5,100,25,"grass",TRUE,"","AvenJulyopen10",21,1
"26",139,"Aven","July","pitfall","open",11,"open11",NA,NA,NA,3,0,0,1,96,100,10,"grass",TRUE,"","AvenJulyopen11",34,2
"27",130,"Aven","July","pitfall","open",2,"open2",NA,NA,NA,100,0,0,0,0,100,23,"grass",TRUE,"","AvenJulyopen2",39,1
"28",132,"Aven","July","pitfall","open",4,"open4",NA,NA,NA,2,0,2,0,96,100,5,"grass",TRUE,"","AvenJulyopen4",2,1
"29",133,"Aven","July","pitfall","open",5,"open5",NA,NA,NA,73,0,12,0,15,100,19,"grass",TRUE,"","AvenJulyopen5",2,1
"30",134,"Aven","July","pitfall","open",6,"open6",NA,NA,NA,2,0,0,0,98,100,6,"grass",TRUE,"","AvenJulyopen6",12,2
"31",135,"Aven","July","pitfall","open",7,"open7",NA,NA,NA,0,0,12,0,88,100,0,"grass",TRUE,"","AvenJulyopen7",1,1
"32",136,"Aven","July","pitfall","open",8,"open8",NA,NA,NA,0,0,1,1,98,100,0,"grass",TRUE,"","AvenJulyopen8",2,2
"33",137,"Aven","July","pitfall","open",9,"open9",NA,NA,NA,96,0,4,0,0,100,32,"grass",TRUE,"","AvenJulyopen9",5,1
"36",127,"Aven","July","pitfall","shrub",11,"shrub11",200,125,125,10,0,0,8,82,100,7,"grass",TRUE,"","AvenJulyshrub11",1,1
"37",128,"Aven","July","pitfall","shrub",12,"shrub12",70,55,90,95,0,0,0,5,100,21,"grass",TRUE,"","AvenJulyshrub12",41,2
"38",118,"Aven","July","pitfall","shrub",2,"shrub2",270,140,135,50,0,1,0,49,100,18,"grass",TRUE,"","AvenJulyshrub2",3,2
"39",119,"Aven","July","pitfall","shrub",3,"shrub3",120,65,110,99,0,1,0,0,100,36,"grass",TRUE,"","AvenJulyshrub3",2,1
"41",121,"Aven","July","pitfall","shrub",5,"shrub5",130,65,115,98,0,0,0,2,100,18,"grass",TRUE,"","AvenJulyshrub5",4,1
"42",122,"Aven","July","pitfall","shrub",6,"shrub6",160,150,85,100,0,0,0,0,100,38,"grass",TRUE,"","AvenJulyshrub6",15,1
"43",123,"Aven","July","pitfall","shrub",7,"shrub7",255,240,110,3,0,4,0,93,100,10,"grass",TRUE,"small amount of broken glass","AvenJulyshrub7",16,1
"44",124,"Aven","July","pitfall","shrub",8,"shrub8",165,150,140,3,0,2,1,94,100,5,"grass",TRUE,"","AvenJulyshrub8",7,2
"45",125,"Aven","July","pitfall","shrub",9,"shrub9",125,105,125,96,0,3,0,1,100,37,"grass",TRUE,"","AvenJulyshrub9",4,2
"47",555,"Aven","Sept","pitfall","open",10,"open10",NA,NA,NA,5,0,0,5,90,100,5,"grass",TRUE,"","AvenSeptopen10",2,1
"48",556,"Aven","Sept","pitfall","open",11,"open11",NA,NA,NA,100,0,0,0,0,100,35,"grass",TRUE,"","AvenSeptopen11",1,1
"49",557,"Aven","Sept","pitfall","open",12,"open12",NA,NA,NA,95,0,0,0,5,100,21,"grass",TRUE,"","AvenSeptopen12",27,2
"50",547,"Aven","Sept","pitfall","open",2,"open2",NA,NA,NA,90,0,0,0,10,100,27,"grass",TRUE,"","AvenSeptopen2",11,1
"53",550,"Aven","Sept","pitfall","open",5,"open5",NA,NA,NA,90,0,0,0,10,100,10,"grass",TRUE,"","AvenSeptopen5",33,1
"54",551,"Aven","Sept","pitfall","open",6,"open6",NA,NA,NA,5,0,0,0,95,100,10,"grass",TRUE,"","AvenSeptopen6",1,1
"57",554,"Aven","Sept","pitfall","open",9,"open9",NA,NA,NA,95,0,0,0,5,100,25,"grass",TRUE,"","AvenSeptopen9",1,1
"58",534,"Aven","Sept","pitfall","shrub",1,"shrub1",260,185,125,15,0,0,0,85,100,18,"grass",TRUE,"","AvenSeptshrub1",2,1
"59",543,"Aven","Sept","pitfall","shrub",10,"shrub10",225,135,125,100,0,0,0,0,100,50,"grass",TRUE,"","AvenSeptshrub10",1,1
"60",544,"Aven","Sept","pitfall","shrub",11,"shrub11",260,180,135,100,0,0,0,0,100,33,"grass",TRUE,"","AvenSeptshrub11",4,1
"61",545,"Aven","Sept","pitfall","shrub",12,"shrub12",210,140,110,99,0,1,0,0,100,25,"grass",TRUE,"","AvenSeptshrub12",5,1
"63",536,"Aven","Sept","pitfall","shrub",3,"shrub3",285,230,195,80,0,0,0,20,100,27,"grass",TRUE,"","AvenSeptshrub3",2,1
"65",538,"Aven","Sept","pitfall","shrub",5,"shrub5",230,225,160,95,0,0,0,5,100,10,"grass",TRUE,"","AvenSeptshrub5",2,1
"70",222,"CaS","Aug","pitfall","open",1,"open1",NA,NA,NA,45,0,0,35,20,100,6,"herb",TRUE,"","CaSAugopen1",164,5
"71",231,"CaS","Aug","pitfall","open",10,"open10",NA,NA,NA,37,0,0,0,63,100,7,"herb",TRUE,"","CaSAugopen10",6,1
"72",232,"CaS","Aug","pitfall","open",11,"open11",NA,NA,NA,41,0,0,1,58,100,10,"herb",TRUE,"","CaSAugopen11",41,5
"73",233,"CaS","Aug","pitfall","open",12,"open12",NA,NA,NA,36,0,0,4,60,100,8,"herb",TRUE,"","CaSAugopen12",116,2
"74",223,"CaS","Aug","pitfall","open",2,"open2",NA,NA,NA,30,0,0,2,68,100,6,"herb",TRUE,"","CaSAugopen2",16,3
"75",224,"CaS","Aug","pitfall","open",3,"open3",NA,NA,NA,49,0,0,1,50,100,7,"herb",TRUE,"","CaSAugopen3",3,2
"76",225,"CaS","Aug","pitfall","open",4,"open4",NA,NA,NA,16,0,0,1,83,100,8,"herb",TRUE,"","CaSAugopen4",29,1
"77",226,"CaS","Aug","pitfall","open",5,"open5",NA,NA,NA,23,0,6,2,69,100,4,"grass",TRUE,"","CaSAugopen5",27,4
"78",227,"CaS","Aug","pitfall","open",6,"open6",NA,NA,NA,84,0,0,1,15,100,2,"grass",TRUE,"","CaSAugopen6",55,5
"79",228,"CaS","Aug","pitfall","open",7,"open7",NA,NA,NA,38,0,0,2,60,100,6,"grass",TRUE,"","CaSAugopen7",43,3
"80",229,"CaS","Aug","pitfall","open",8,"open8",NA,NA,NA,52,0,0,3,45,100,10,"grass",TRUE,"","CaSAugopen8",54,3
"81",230,"CaS","Aug","pitfall","open",9,"open9",NA,NA,NA,48,0,0,1,51,100,4,"grass",TRUE,"","CaSAugopen9",20,4
"82",210,"CaS","Aug","pitfall","shrub",1,"shrub1",330,320,155,98,0,0,2,0,100,38,"grass",TRUE,"","CaSAugshrub1",133,2
"83",219,"CaS","Aug","pitfall","shrub",10,"shrub10",990,340,140,25,0,35,0,40,100,22,"herb",TRUE,"6 shrubs very close together","CaSAugshrub10",40,2
"84",220,"CaS","Aug","pitfall","shrub",11,"shrub11",475,445,170,97,0,1,0,2,100,43,"grass",TRUE,"","CaSAugshrub11",278,2
"85",221,"CaS","Aug","pitfall","shrub",12,"shrub12",500,480,155,81,5,4,4,6,100,30,"grass",TRUE,"","CaSAugshrub12",19,2
"86",211,"CaS","Aug","pitfall","shrub",2,"shrub2",265,240,130,97,0,2,0,1,100,17,"grass",TRUE,"","CaSAugshrub2",79,2
"87",212,"CaS","Aug","pitfall","shrub",3,"shrub3",350,300,150,70,0,30,0,0,100,22,"grass",TRUE,"mushroom","CaSAugshrub3",84,3
"88",213,"CaS","Aug","pitfall","shrub",4,"shrub4",215,195,95,20,0,30,0,50,100,8,"herb",TRUE,"","CaSAugshrub4",35,4
"89",214,"CaS","Aug","pitfall","shrub",5,"shrub5",600,500,190,100,0,0,0,0,100,35,"grass",TRUE,"3 big shrubs","CaSAugshrub5",170,3
"90",215,"CaS","Aug","pitfall","shrub",6,"shrub6",335,245,140,80,0,1,0,19,100,17,"grass",TRUE,"","CaSAugshrub6",121,3
"91",216,"CaS","Aug","pitfall","shrub",7,"shrub7",330,260,155,91,0,0,0,9,100,41,"grass",TRUE,"","CaSAugshrub7",386,3
"92",217,"CaS","Aug","pitfall","shrub",8,"shrub8",435,360,120,85,0,4,0,11,100,31,"grass",TRUE,"","CaSAugshrub8",86,2
"93",218,"CaS","Aug","pitfall","shrub",9,"shrub9",340,235,115,89,0,3,0,8,100,24,"grass",TRUE,"","CaSAugshrub9",27,2
"94",13,"CaS","July","pitfall","open",1,"open1",NA,NA,NA,77,0,0,3,20,100,12,"grass",TRUE,"","CaSJulyopen1",1,1
"95",21,"CaS","July","pitfall","open",10,"open10",NA,NA,NA,0,0,1,2,97,100,0,"grass",TRUE,"","CaSJulyopen10",12,2
"96",22,"CaS","July","pitfall","open",11,"open11",NA,NA,NA,1,0,2,1,96,100,5,"grass",TRUE,"","CaSJulyopen11",10,3
"98",14,"CaS","July","pitfall","open",2,"open2",NA,NA,NA,2,7,1,4,86,100,35,"herb",TRUE,"","CaSJulyopen2",15,3
"99",15,"CaS","July","pitfall","open",3,"open3",NA,NA,NA,1,2,0,4,93,100,2,"herb",TRUE,"","CaSJulyopen3",11,4
"100",16,"CaS","July","pitfall","open",4,"open4",NA,NA,NA,2,2,1,1,94,100,7,"herb",TRUE,"","CaSJulyopen4",51,3
"101",17,"CaS","July","pitfall","open",5,"open5",NA,NA,NA,1,2,0,2,95,100,13,"grass",TRUE,"","CaSJulyopen5",43,3
"102",18,"CaS","July","pitfall","open",7,"open7",NA,NA,NA,70,0,0,0,30,100,8,"grass",TRUE,"","CaSJulyopen7",3,1
"103",19,"CaS","July","pitfall","open",8,"open8",NA,NA,NA,10,0,1,5,84,100,14,"grass",TRUE,"","CaSJulyopen8",15,3
"104",20,"CaS","July","pitfall","open",9,"open9",NA,NA,NA,3,0,0,2,95,100,1,"grass",TRUE,"","CaSJulyopen9",3,3
"105",1,"CaS","July","pitfall","shrub",1,"shrub1",350,325,126,91,0,3,1,5,100,26,"Grass",TRUE,"3 or 4 stems for one big bush","CaSJulyshrub1",55,3
"106",10,"CaS","July","pitfall","shrub",10,"shrub10",470,430,165,88,0,10,1,1,100,8,"Grass",TRUE,"Grasshoppers mating (?) in bush","CaSJulyshrub10",8,1
"107",11,"CaS","July","pitfall","shrub",11,"shrub11",250,210,100,60,2,3,2,33,100,22,"Grass",TRUE,"","CaSJulyshrub11",8,2
"108",12,"CaS","July","pitfall","shrub",12,"shrub12",315,315,140,90,1,0,2,7,100,37,"Grass",TRUE,"","CaSJulyshrub12",2,2
"109",2,"CaS","July","pitfall","shrub",2,"shrub2",610,500,160,96,0,3,1,0,100,24,"Grass",TRUE,"","CaSJulyshrub2",24,3
"110",3,"CaS","July","pitfall","shrub",3,"shrub3",325,255,155,99,0,0,1,0,100,33,"Grass",TRUE,"","CaSJulyshrub3",129,4
"111",4,"CaS","July","pitfall","shrub",4,"shrub4",285,250,120,83,0,6,1,10,100,31,"Grass",TRUE,"","CaSJulyshrub4",40,4
"112",5,"CaS","July","pitfall","shrub",5,"shrub5",290,230,170,96,0,1,1,2,100,29,"Grass",TRUE,"","CaSJulyshrub5",21,5
"113",6,"CaS","July","pitfall","shrub",6,"shrub6",295,275,150,91,0,0,1,8,100,33,"Grass",TRUE,"","CaSJulyshrub6",37,3
"114",7,"CaS","July","pitfall","shrub",7,"shrub7",365,360,170,74,0,10,1,15,100,25,"Grass",TRUE,"","CaSJulyshrub7",91,3
"115",8,"CaS","July","pitfall","shrub",8,"shrub8",390,365,185,90,0,1,1,8,100,28,"Grass",TRUE,"","CaSJulyshrub8",5,4
"116",9,"CaS","July","pitfall","shrub",9,"shrub9",320,315,160,94,0,0,1,5,100,29,"Grass",TRUE,"","CaSJulyshrub9",30,3
"117",246,"CaSl","Aug","pitfall","open",13,"open1",NA,NA,NA,62,3,0,0,35,100,10,"grass",TRUE,"","CaSlAugopen1",26,2
"118",255,"CaSl","Aug","pitfall","open",22,"open10",NA,NA,NA,94,0,5,0,1,100,16,"grass",TRUE,"","CaSlAugopen10",29,3
"119",256,"CaSl","Aug","pitfall","open",23,"open11",NA,NA,NA,85,0,0,0,15,100,12,"herb",TRUE,"","CaSlAugopen11",66,2
"120",257,"CaSl","Aug","pitfall","open",24,"open12",NA,NA,NA,93,0,0,0,7,100,14,"grass",TRUE,"","CaSlAugopen12",51,3
"121",247,"CaSl","Aug","pitfall","open",14,"open2",NA,NA,NA,11,0,0,0,89,100,1,"grass",TRUE,"","CaSlAugopen2",8,2
"122",248,"CaSl","Aug","pitfall","open",15,"open3",NA,NA,NA,70,4,0,0,26,100,6,"grass",TRUE,"","CaSlAugopen3",34,2
"123",249,"CaSl","Aug","pitfall","open",16,"open4",NA,NA,NA,99,0,1,0,0,100,67,"grass",TRUE,"","CaSlAugopen4",17,2
"124",250,"CaSl","Aug","pitfall","open",17,"open5",NA,NA,NA,50,0,0,0,50,100,11,"grass",TRUE,"","CaSlAugopen5",19,2
"125",251,"CaSl","Aug","pitfall","open",18,"open6",NA,NA,NA,40,0,0,0,60,100,10,"herb",TRUE,"","CaSlAugopen6",34,1
"126",252,"CaSl","Aug","pitfall","open",19,"open7",NA,NA,NA,95,0,0,0,5,100,2,"grass",TRUE,"","CaSlAugopen7",49,2
"127",253,"CaSl","Aug","pitfall","open",20,"open8",NA,NA,NA,80,0,6,0,14,100,8,"grass",TRUE,"","CaSlAugopen8",10,3
"128",254,"CaSl","Aug","pitfall","open",21,"open9",NA,NA,NA,75,0,0,0,25,100,4,"grass",TRUE,"","CaSlAugopen9",80,1
"129",234,"CaSl","Aug","pitfall","open",1,"shrub1",NA,NA,NA,92,0,0,0,8,100,13,"herb",TRUE,"","CaSlAugshrub1",22,1
"130",243,"CaSl","Aug","pitfall","open",10,"shrub10",NA,NA,NA,94,0,0,1,5,100,3,"grass",TRUE,"","CaSlAugshrub10",5,1
"131",244,"CaSl","Aug","pitfall","open",11,"shrub11",NA,NA,NA,95,0,0,0,5,100,66,"grass",TRUE,"","CaSlAugshrub11",16,2
"132",245,"CaSl","Aug","pitfall","open",12,"shrub12",NA,NA,NA,99,0,1,0,0,100,44,"grass",TRUE,"","CaSlAugshrub12",52,3
"133",235,"CaSl","Aug","pitfall","open",2,"shrub2",NA,NA,NA,82,3,0,0,15,100,22,"grass",TRUE,"","CaSlAugshrub2",23,3
"134",236,"CaSl","Aug","pitfall","open",3,"shrub3",NA,NA,NA,95,0,2,0,3,100,8,"grass",TRUE,"","CaSlAugshrub3",55,2
"135",237,"CaSl","Aug","pitfall","open",4,"shrub4",NA,NA,NA,49,0,0,0,51,100,15,"grass",TRUE,"","CaSlAugshrub4",79,2
"136",238,"CaSl","Aug","pitfall","open",5,"shrub5",NA,NA,NA,2,0,0,0,98,100,1,"grass",TRUE,"","CaSlAugshrub5",44,2
"137",239,"CaSl","Aug","pitfall","open",6,"shrub6",NA,NA,NA,90,0,0,0,10,100,12,"grass",TRUE,"","CaSlAugshrub6",22,2
"138",240,"CaSl","Aug","pitfall","open",7,"shrub7",NA,NA,NA,15,0,0,0,85,100,3,"grass",TRUE,"","CaSlAugshrub7",10,3
"139",241,"CaSl","Aug","pitfall","open",8,"shrub8",NA,NA,NA,60,0,1,0,39,100,6,"grass",TRUE,"","CaSlAugshrub8",523,3
"140",242,"CaSl","Aug","pitfall","open",9,"shrub9",NA,NA,NA,59,0,0,1,40,100,7,"grass",TRUE,"","CaSlAugshrub9",138,1
"141",36,"CaSl","July","pitfall","open",13,"open1",NA,NA,NA,80,0,0,0,20,100,13,"grass",TRUE,"","CaSlJulyopen1",70,3
"142",44,"CaSl","July","pitfall","open",23,"open11",NA,NA,NA,40,0,1,1,58,100,6,"Grass",TRUE,"","CaSlJulyopen11",6,2
"143",45,"CaSl","July","pitfall","open",24,"open12",NA,NA,NA,50,0,0,0,50,100,5,"Grass",TRUE,"","CaSlJulyopen12",4,3
"144",37,"CaSl","July","pitfall","open",14,"open2",NA,NA,NA,5,0,0,1,94,100,8,"grass",TRUE,"","CaSlJulyopen2",66,3
"145",38,"CaSl","July","pitfall","open",15,"open3",NA,NA,NA,95,0,0,0,5,100,8,"grass",TRUE,"","CaSlJulyopen3",17,2
"146",39,"CaSl","July","pitfall","open",16,"open4",NA,NA,NA,25,0,0,0,75,100,12,"grass",TRUE,"","CaSlJulyopen4",13,4
"147",41,"CaSl","July","pitfall","open",18,"open6",NA,NA,NA,100,0,0,0,0,100,7,"grass",TRUE,"","CaSlJulyopen6",42,3
"148",42,"CaSl","July","pitfall","open",19,"open7",NA,NA,NA,30,2,0,1,67,100,4,"grass",TRUE,"","CaSlJulyopen7",35,4
"149",43,"CaSl","July","pitfall","open",21,"open9",NA,NA,NA,70,0,0,0,30,100,2,"grass",TRUE,"","CaSlJulyopen9",26,4
"150",24,"CaSl","July","pitfall","open",1,"shrub1",NA,NA,NA,30,0,0,1,69,100,9,"grass",TRUE,"","CaSlJulyshrub1",25,3
"151",33,"CaSl","July","pitfall","open",10,"shrub10",NA,NA,NA,89,0,0,1,10,100,6,"grass",TRUE,"","CaSlJulyshrub10",10,3
"152",34,"CaSl","July","pitfall","open",11,"shrub11",NA,NA,NA,72,3,0,0,25,100,9,"grass",TRUE,"","CaSlJulyshrub11",95,3
"153",35,"CaSl","July","pitfall","open",12,"shrub12",NA,NA,NA,0,6,0,1,93,100,7,"grass",TRUE,"","CaSlJulyshrub12",367,2
"154",25,"CaSl","July","pitfall","open",2,"shrub2",NA,NA,NA,10,0,0,0,90,100,7,"grass",TRUE,"","CaSlJulyshrub2",33,5
"155",26,"CaSl","July","pitfall","open",3,"shrub3",NA,NA,NA,10,0,0,1,89,100,7,"grass",TRUE,"","CaSlJulyshrub3",15,5
"156",27,"CaSl","July","pitfall","open",4,"shrub4",NA,NA,NA,6,0,0,5,89,100,4,"grass",TRUE,"","CaSlJulyshrub4",8,3
"157",28,"CaSl","July","pitfall","open",5,"shrub5",NA,NA,NA,60,0,0,0,40,100,5,"grass",TRUE,"","CaSlJulyshrub5",24,4
"158",29,"CaSl","July","pitfall","open",6,"shrub6",NA,NA,NA,25,0,0,1,74,100,7,"grass",TRUE,"","CaSlJulyshrub6",37,4
"159",30,"CaSl","July","pitfall","open",7,"shrub7",NA,NA,NA,25,0,0,1,74,100,10,"grass",TRUE,"","CaSlJulyshrub7",18,6
"160",31,"CaSl","July","pitfall","open",8,"shrub8",NA,NA,NA,5,0,0,1,94,100,9,"grass",TRUE,"","CaSlJulyshrub8",14,2
"161",32,"CaSl","July","pitfall","open",9,"shrub9",NA,NA,NA,96,0,3,1,0,100,13,"grass",TRUE,"","CaSlJulyshrub9",8,3
"162",450,"CaSl","Sept","pitfall","open",13,"open1",NA,NA,NA,2,0,1,20,77,100,3,"grass",TRUE,"","CaSlSeptopen1",4,1
"163",459,"CaSl","Sept","pitfall","open",22,"open10",NA,NA,NA,30,0,15,2,53,100,27,"grass",TRUE,"","CaSlSeptopen10",9,1
"165",461,"CaSl","Sept","pitfall","open",24,"open12",NA,NA,NA,20,0,35,1,44,100,11,"grass",TRUE,"","CaSlSeptopen12",14,1
"169",454,"CaSl","Sept","pitfall","open",17,"open5",NA,NA,NA,37,0,10,8,45,100,28,"grass",TRUE,"","CaSlSeptopen5",2,1
"170",455,"CaSl","Sept","pitfall","open",18,"open6",NA,NA,NA,60,0,5,2,33,100,32,"grass",TRUE,"","CaSlSeptopen6",42,1
"172",457,"CaSl","Sept","pitfall","open",20,"open8",NA,NA,NA,20,0,52,5,23,100,20,"grass",TRUE,"","CaSlSeptopen8",1,1
"173",458,"CaSl","Sept","pitfall","open",21,"open9",NA,NA,NA,48,0,15,4,33,100,10,"grass",TRUE,"","CaSlSeptopen9",6,1
"174",438,"CaSl","Sept","pitfall","open",1,"shrub1",NA,NA,NA,63,0,7,5,25,100,19,"grass",TRUE,"","CaSlSeptshrub1",2,1
"175",447,"CaSl","Sept","pitfall","open",10,"shrub10",NA,NA,NA,70,0,25,0,5,100,21,"grass",TRUE,"","CaSlSeptshrub10",138,1
"176",448,"CaSl","Sept","pitfall","open",11,"shrub11",NA,NA,NA,49,0,10,1,40,100,18,"herb",TRUE,"","CaSlSeptshrub11",2,2
"179",440,"CaSl","Sept","pitfall","open",3,"shrub3",NA,NA,NA,15,0,30,20,35,100,3,"grass",TRUE,"","CaSlSeptshrub3",3,1
"180",441,"CaSl","Sept","pitfall","open",4,"shrub4",NA,NA,NA,2,0,35,35,28,100,5,"grass",TRUE,"","CaSlSeptshrub4",12,1
"182",443,"CaSl","Sept","pitfall","open",6,"shrub6",NA,NA,NA,45,0,20,15,20,100,27,"herb",TRUE,"","CaSlSeptshrub6",26,2
"183",444,"CaSl","Sept","pitfall","open",7,"shrub7",NA,NA,NA,40,0,4,6,50,100,16,"grass",TRUE,"","CaSlSeptshrub7",2,1
"185",446,"CaSl","Sept","pitfall","open",9,"shrub9",NA,NA,NA,0,0,25,10,65,100,NA,NA,NA,"","CaSlSeptshrub9",2,1
"186",426,"CaS","Sept","pitfall","open",1,"open1",NA,NA,NA,20,0,2,20,58,100,8,"herb",TRUE,"","CaSSeptopen1",6,3
"187",435,"CaS","Sept","pitfall","open",10,"open10",NA,NA,NA,10,0,32,29,29,100,6,"grass",TRUE,"","CaSSeptopen10",2,2
"188",436,"CaS","Sept","pitfall","open",11,"open11",NA,NA,NA,35,0,4,45,16,100,14,"grass",TRUE,"","CaSSeptopen11",82,3
"189",437,"CaS","Sept","pitfall","open",12,"open12",NA,NA,NA,47,0,7,6,40,100,14,"herb",TRUE,"","CaSSeptopen12",95,2
"190",427,"CaS","Sept","pitfall","open",2,"open2",NA,NA,NA,10,0,3,7,80,100,11,"grass",TRUE,"","CaSSeptopen2",19,2
"191",428,"CaS","Sept","pitfall","open",3,"open3",NA,NA,NA,50,0,10,9,31,100,12,"grass",TRUE,"","CaSSeptopen3",48,4
"192",429,"CaS","Sept","pitfall","open",4,"open4",NA,NA,NA,20,0,3,17,60,100,9,"herb",TRUE,"","CaSSeptopen4",38,4
"193",430,"CaS","Sept","pitfall","open",5,"open5",NA,NA,NA,18,0,4,13,65,100,17,"herb",TRUE,"","CaSSeptopen5",17,3
"194",431,"CaS","Sept","pitfall","open",6,"open6",NA,NA,NA,24,0,6,55,15,100,5,"herb",TRUE,"","CaSSeptopen6",11,2
"195",432,"CaS","Sept","pitfall","open",7,"open7",NA,NA,NA,22,0,0,25,53,100,7,"grass",TRUE,"","CaSSeptopen7",11,2
"196",433,"CaS","Sept","pitfall","open",8,"open8",NA,NA,NA,27,0,2,10,61,100,6,"herb",TRUE,"","CaSSeptopen8",4,2
"197",434,"CaS","Sept","pitfall","open",9,"open9",NA,NA,NA,23,0,1,32,44,100,9,"grass",TRUE,"","CaSSeptopen9",28,1
"198",414,"CaS","Sept","pitfall","shrub",1,"shrub1",280,200,110,50,0,6,2,42,100,22,"grass",TRUE,"","CaSSeptshrub1",4,2
"199",423,"CaS","Sept","pitfall","shrub",10,"shrub10",300,290,110,22,0,4,12,62,100,12,"grass",TRUE,"","CaSSeptshrub10",9,2
"200",424,"CaS","Sept","pitfall","shrub",11,"shrub11",440,400,180,42,0,3,12,43,100,9,"grass",TRUE,"","CaSSeptshrub11",47,3
"201",425,"CaS","Sept","pitfall","shrub",12,"shrub12",360,340,90,65,0,25,4,6,100,21,"grass",TRUE,"","CaSSeptshrub12",20,1
"202",415,"CaS","Sept","pitfall","shrub",2,"shrub2",490,370,160,94,0,5,1,0,100,19,"grass",TRUE,"3 shrub cluster","CaSSeptshrub2",45,2
"203",416,"CaS","Sept","pitfall","shrub",3,"shrub3",260,190,100,46,0,3,5,46,100,15,"grass",TRUE,"","CaSSeptshrub3",155,1
"204",417,"CaS","Sept","pitfall","shrub",4,"shrub4",380,240,150,78,0,15,2,5,100,10,"grass",TRUE,"","CaSSeptshrub4",62,4
"205",418,"CaS","Sept","pitfall","shrub",5,"shrub5",160,130,120,35,0,15,35,15,100,12,"grass",TRUE,"","CaSSeptshrub5",179,3
"206",419,"CaS","Sept","pitfall","shrub",6,"shrub6",380,330,150,40,0,45,15,0,100,28,"grass",TRUE,"","CaSSeptshrub6",25,2
"207",420,"CaS","Sept","pitfall","shrub",7,"shrub7",500,160,100,90,0,5,5,0,100,20,"grass",TRUE,"3 shrub cluster","CaSSeptshrub7",9,2
"208",421,"CaS","Sept","pitfall","shrub",8,"shrub8",280,230,180,77,0,10,3,10,100,24,"grass",TRUE,"","CaSSeptshrub8",20,2
"210",316,"Coal","Aug","pitfall","open",13,"open1",NA,NA,NA,88,8,2,0,2,100,20,"grass",TRUE,"","CoalAugopen1",8,1
"211",325,"Coal","Aug","pitfall","open",22,"open10",NA,NA,NA,3,0,0,15,82,100,2,"herb",TRUE,"","CoalAugopen10",8,3
"212",326,"Coal","Aug","pitfall","open",23,"open11",NA,NA,NA,72,2,1,1,24,100,12,"herb",TRUE,"","CoalAugopen11",40,3
"213",327,"Coal","Aug","pitfall","open",24,"open12",NA,NA,NA,86,0,0,1,13,100,7,"herb",TRUE,"","CoalAugopen12",30,2
"214",317,"Coal","Aug","pitfall","open",14,"open2",NA,NA,NA,97,1,0,0,2,100,20,"grass",TRUE,"","CoalAugopen2",3,1
"215",318,"Coal","Aug","pitfall","open",15,"open3",NA,NA,NA,99,0,1,0,0,100,13,"grass",TRUE,"","CoalAugopen3",2,2
"216",319,"Coal","Aug","pitfall","open",16,"open4",NA,NA,NA,0,0,0,1,99,100,NA,NA,NA,"","CoalAugopen4",2,2
"217",320,"Coal","Aug","pitfall","open",17,"open5",NA,NA,NA,97,2,0,0,1,100,6,"grass",TRUE,"","CoalAugopen5",22,3
"218",321,"Coal","Aug","pitfall","open",18,"open6",NA,NA,NA,94,6,0,0,0,100,32,"grass",TRUE,"","CoalAugopen6",2,1
"219",322,"Coal","Aug","pitfall","open",19,"open7",NA,NA,NA,99,1,0,0,0,100,17,"herb",TRUE,"","CoalAugopen7",1,1
"220",323,"Coal","Aug","pitfall","open",20,"open8",NA,NA,NA,96,0,0,0,4,100,20,"grass",TRUE,"","CoalAugopen8",4,2
"221",324,"Coal","Aug","pitfall","open",21,"open9",NA,NA,NA,76,3,10,1,10,100,13,"grass",TRUE,"","CoalAugopen9",7,2
"222",304,"Coal","Aug","pitfall","open",1,"shrub1",NA,NA,NA,100,0,0,0,0,100,14,"grass",TRUE,"","CoalAugshrub1",7,1
"224",314,"Coal","Aug","pitfall","open",11,"shrub11",NA,NA,NA,79,0,0,1,20,100,12,"grass",TRUE,"","CoalAugshrub11",123,3
"225",315,"Coal","Aug","pitfall","open",12,"shrub12",NA,NA,NA,54,5,1,0,40,100,13,"grass",TRUE,"","CoalAugshrub12",8,2
"227",306,"Coal","Aug","pitfall","open",3,"shrub3",NA,NA,NA,100,0,0,0,0,100,21,"grass",TRUE,"","CoalAugshrub3",5,2
"228",307,"Coal","Aug","pitfall","open",4,"shrub4",NA,NA,NA,0,0,1,3,96,100,NA,NA,NA,"","CoalAugshrub4",1,1
"229",308,"Coal","Aug","pitfall","open",5,"shrub5",NA,NA,NA,10,9,1,0,80,100,34,"grass",TRUE,"","CoalAugshrub5",8,2
"230",309,"Coal","Aug","pitfall","open",6,"shrub6",NA,NA,NA,67,2,1,0,30,100,16,"grass",TRUE,"","CoalAugshrub6",1,1
"231",310,"Coal","Aug","pitfall","open",7,"shrub7",NA,NA,NA,98,2,0,0,0,100,15,"grass",TRUE,"","CoalAugshrub7",1,1
"232",311,"Coal","Aug","pitfall","open",8,"shrub8",NA,NA,NA,91,9,0,0,0,100,16,"grass",TRUE,"","CoalAugshrub8",6,1
"233",312,"Coal","Aug","pitfall","open",9,"shrub9",NA,NA,NA,99,0,1,0,0,100,24,"grass",TRUE,"","CoalAugshrub9",1,1
"234",105,"Coal","July","pitfall","open",13,"open1",NA,NA,NA,90,10,0,0,0,100,13,"grass",TRUE,"","CoalJulyopen1",9,1
"235",114,"Coal","July","pitfall","open",22,"open10",NA,NA,NA,99,1,0,0,0,100,5,"grass",TRUE,"","CoalJulyopen10",12,2
"236",115,"Coal","July","pitfall","open",23,"open11",NA,NA,NA,100,0,0,0,0,100,12,"grass",TRUE,"","CoalJulyopen11",4,3
"237",116,"Coal","July","pitfall","open",24,"open12",NA,NA,NA,91,8,0,0,1,100,9,"grass",TRUE,"","CoalJulyopen12",2,1
"239",107,"Coal","July","pitfall","open",15,"open3",NA,NA,NA,98,2,0,0,0,100,5,"grass",TRUE,"","CoalJulyopen3",1,1
"240",108,"Coal","July","pitfall","open",16,"open4",NA,NA,NA,5,5,0,0,90,100,10,"herb",TRUE,"","CoalJulyopen4",18,3
"241",109,"Coal","July","pitfall","open",17,"open5",NA,NA,NA,85,15,0,0,0,100,12,"grass",TRUE,"","CoalJulyopen5",18,2
"242",110,"Coal","July","pitfall","open",18,"open6",NA,NA,NA,90,10,0,0,0,100,15,"grass",TRUE,"","CoalJulyopen6",33,2
"243",111,"Coal","July","pitfall","open",19,"open7",NA,NA,NA,97,1,1,0,1,100,22,"grass",TRUE,"","CoalJulyopen7",31,2
"244",112,"Coal","July","pitfall","open",20,"open8",NA,NA,NA,98,2,0,0,0,100,8,"grass",TRUE,"","CoalJulyopen8",22,1
"245",113,"Coal","July","pitfall","open",21,"open9",NA,NA,NA,98,1,0,0,1,100,14,"grass",TRUE,"","CoalJulyopen9",4,1
"246",93,"Coal","July","pitfall","open",1,"shrub1",NA,NA,NA,98,2,0,0,0,100,14,"grass",TRUE,"","CoalJulyshrub1",50,1
"247",102,"Coal","July","pitfall","open",10,"shrub10",NA,NA,NA,3,2,1,0,94,100,5,"grass",TRUE,"","CoalJulyshrub10",113,3
"248",103,"Coal","July","pitfall","open",11,"shrub11",NA,NA,NA,49,2,0,0,49,100,10,"grass",TRUE,"","CoalJulyshrub11",31,3
"249",104,"Coal","July","pitfall","open",12,"shrub12",NA,NA,NA,96,1,0,0,3,100,14,"grass",TRUE,"","CoalJulyshrub12",1,1
"250",94,"Coal","July","pitfall","open",2,"shrub2",NA,NA,NA,100,0,0,0,0,100,26,"grass",TRUE,"","CoalJulyshrub2",2,1
"252",96,"Coal","July","pitfall","open",4,"shrub4",NA,NA,NA,5,1,0,1,93,100,11,"grass",TRUE,"","CoalJulyshrub4",2,1
"253",97,"Coal","July","pitfall","open",5,"shrub5",NA,NA,NA,97,3,0,0,0,100,27,"grass",TRUE,"","CoalJulyshrub5",1,1
"254",98,"Coal","July","pitfall","open",6,"shrub6",NA,NA,NA,67,1,1,1,30,100,17,"herb",TRUE,"","CoalJulyshrub6",2,2
"255",99,"Coal","July","pitfall","open",7,"shrub7",NA,NA,NA,94,2,1,0,3,100,27,"grass",TRUE,"","CoalJulyshrub7",21,2
"256",100,"Coal","July","pitfall","open",8,"shrub8",NA,NA,NA,8,3,0,1,88,100,5,"grass",TRUE,"","CoalJulyshrub8",29,2
"257",522,"Coal","Sept","pitfall","open",13,"open1",NA,NA,NA,90,0,0,0,10,100,21,"grass",TRUE,"","CoalSeptopen1",2,1
"258",531,"Coal","Sept","pitfall","open",22,"open10",NA,NA,NA,80,10,0,5,5,100,12,"grass",TRUE,"","CoalSeptopen10",3,2
"260",533,"Coal","Sept","pitfall","open",24,"open12",NA,NA,NA,70,15,0,0,15,100,17,"grass",TRUE,"","CoalSeptopen12",4,3
"261",523,"Coal","Sept","pitfall","open",14,"open2",NA,NA,NA,96,2,2,0,0,100,12,"grass",TRUE,"","CoalSeptopen2",3,2
"262",524,"Coal","Sept","pitfall","open",15,"open3",NA,NA,NA,97,0,1,0,2,100,8,"grass",TRUE,"","CoalSeptopen3",5,1
"263",525,"Coal","Sept","pitfall","open",16,"open4",NA,NA,NA,100,0,0,0,0,100,15,"grass",TRUE,"","CoalSeptopen4",1,1
"264",526,"Coal","Sept","pitfall","open",17,"open5",NA,NA,NA,98,0,0,0,2,100,17,"grass",TRUE,"cow dung","CoalSeptopen5",1,1
"266",528,"Coal","Sept","pitfall","open",19,"open7",NA,NA,NA,93,2,0,0,5,100,15,"grass",TRUE,"cow dung","CoalSeptopen7",4,1
"267",529,"Coal","Sept","pitfall","open",20,"open8",NA,NA,NA,99,1,0,0,0,100,24,"grass",TRUE,"","CoalSeptopen8",12,2
"269",510,"Coal","Sept","pitfall","open",1,"shrub1",NA,NA,NA,96,2,0,2,0,100,8,"grass",TRUE,"","CoalSeptshrub1",3,1
"270",519,"Coal","Sept","pitfall","open",10,"shrub10",NA,NA,NA,70,5,0,10,15,100,9,"grass",TRUE,"","CoalSeptshrub10",1,1
"271",520,"Coal","Sept","pitfall","open",11,"shrub11",NA,NA,NA,80,10,0,5,5,100,11,"grass",TRUE,"","CoalSeptshrub11",6,2
"272",521,"Coal","Sept","pitfall","open",12,"shrub12",NA,NA,NA,96,0,0,2,2,100,8,"grass",TRUE,"","CoalSeptshrub12",16,3
"273",511,"Coal","Sept","pitfall","open",2,"shrub2",NA,NA,NA,94,1,0,0,5,100,9,"grass",TRUE,"","CoalSeptshrub2",5,1
"274",512,"Coal","Sept","pitfall","open",3,"shrub3",NA,NA,NA,99,0,1,0,0,100,13,"grass",TRUE,"","CoalSeptshrub3",1,1
"279",517,"Coal","Sept","pitfall","open",8,"shrub8",NA,NA,NA,85,5,0,0,10,100,18,"grass",TRUE,"","CoalSeptshrub8",5,1
"280",518,"Coal","Sept","pitfall","open",9,"shrub9",NA,NA,NA,70,5,0,10,15,100,5,"grass",TRUE,"cow dung","CoalSeptshrub9",4,1
"281",269,"Lok","Aug","pitfall","open",1,"open1",NA,NA,NA,85,0,0,3,12,100,18,"herb",TRUE,"","LokAugopen1",45,1
"285",270,"Lok","Aug","pitfall","open",2,"open2",NA,NA,NA,12,0,0,30,58,100,26,"herb",TRUE,"","LokAugopen2",1,1
"286",271,"Lok","Aug","pitfall","open",3,"open3",NA,NA,NA,50,0,0,1,49,100,27,"grass",TRUE,"","LokAugopen3",4,1
"288",273,"Lok","Aug","pitfall","open",5,"open5",NA,NA,NA,30,0,0,0,70,100,22,"herb",TRUE,"","LokAugopen5",5,2
"289",274,"Lok","Aug","pitfall","open",6,"open6",NA,NA,NA,6,2,0,1,91,100,7,"grass",TRUE,"","LokAugopen6",1,1
"291",276,"Lok","Aug","pitfall","open",8,"open8",NA,NA,NA,87,0,0,0,13,100,25,"herb",TRUE,"","LokAugopen8",76,1
"293",258,"Lok","Aug","pitfall","shrub",1,"shrub1",390,250,140,100,0,0,0,0,100,30,"grass",TRUE,"","LokAugshrub1",3,2
"294",266,"Lok","Aug","pitfall","shrub",10,"shrub10",180,155,120,98,0,0,0,2,100,16,"grass",TRUE,"","LokAugshrub10",1,1
"296",268,"Lok","Aug","pitfall","shrub",12,"shrub12",190,150,130,45,0,0,0,55,100,19,"grass",TRUE,"","LokAugshrub12",4,1
"300",262,"Lok","Aug","pitfall","shrub",5,"shrub5",390,310,155,96,0,1,0,3,100,29,"grass",TRUE,"","LokAugshrub5",273,1
"302",264,"Lok","Aug","pitfall","shrub",8,"shrub8",180,150,105,97,0,0,0,3,100,24,"grass",TRUE,"Two shrubs very close together","LokAugshrub8",1,1
"303",265,"Lok","Aug","pitfall","shrub",9,"shrub9",110,75,145,65,0,0,0,35,100,22,"grass",TRUE,"","LokAugshrub9",1,1
"305",67,"Lok","July","pitfall","open",10,"open10",NA,NA,NA,65,0,0,0,35,100,14,"herb",TRUE,"","LokJulyopen10",2,2
"306",69,"Lok","July","pitfall","open",12,"open12",NA,NA,NA,25,0,0,1,74,100,10,"grass",TRUE,"","LokJulyopen12",5,2
"307",59,"Lok","July","pitfall","open",2,"open2",NA,NA,NA,20,25,0,0,55,100,12,"Grass",TRUE,"","LokJulyopen2",21,3
"308",60,"Lok","July","pitfall","open",3,"open3",NA,NA,NA,3,10,0,0,87,100,13,"herb",TRUE,"","LokJulyopen3",17,2
"309",61,"Lok","July","pitfall","open",4,"open4",NA,NA,NA,8,2,0,0,90,100,13,"Grass",TRUE,"","LokJulyopen4",19,2
"310",62,"Lok","July","pitfall","open",5,"open5",NA,NA,NA,1,0,0,1,98,100,1,"Grass",TRUE,"","LokJulyopen5",1,1
"311",63,"Lok","July","pitfall","open",6,"open6",NA,NA,NA,4,0,3,1,92,100,12,"Grass",TRUE,"","LokJulyopen6",1,1
"314",55,"Lok","July","pitfall","shrub",10,"shrub10",180,140,100,45,0,0,3,52,100,14,"Grass",TRUE,"","LokJulyshrub10",1,1
"315",56,"Lok","July","pitfall","shrub",11,"shrub11",220,170,120,15,0,0,5,80,100,18,"Grass",TRUE,"","LokJulyshrub11",3,2
"316",57,"Lok","July","pitfall","shrub",12,"shrub12",770,670,160,100,0,0,0,0,100,23,"Grass",TRUE,"","LokJulyshrub12",32,1
"317",47,"Lok","July","pitfall","shrub",2,"shrub2",310,190,115,95,0,5,0,0,100,30,"Grass",TRUE,"","LokJulyshrub2",5,2
"318",48,"Lok","July","pitfall","shrub",3,"shrub3",290,280,125,70,0,0,0,30,100,10,"Grass",TRUE,"","LokJulyshrub3",4,2
"319",49,"Lok","July","pitfall","shrub",4,"shrub4",110,105,85,70,0,15,0,15,100,23,"Grass",TRUE,"","LokJulyshrub4",2,2
"320",50,"Lok","July","pitfall","shrub",5,"shrub5",140,135,120,35,0,0,0,65,100,13,"Grass",TRUE,"","LokJulyshrub5",2,2
"322",52,"Lok","July","pitfall","shrub",7,"shrub7",160,140,85,13,0,2,0,85,100,29,"Grass",TRUE,"","LokJulyshrub7",1,1
"324",54,"Lok","July","pitfall","shrub",9,"shrub9",310,210,130,94,0,1,0,5,100,27,"Grass",TRUE,"","LokJulyshrub9",1,1
"325",474,"Lok","Sept","pitfall","open",1,"open1",NA,NA,NA,65,20,2,2,11,100,15,"herb",TRUE,"","LokSeptopen1",22,3
"326",483,"Lok","Sept","pitfall","open",10,"open10",NA,NA,NA,19,0,0,6,75,100,16,"grass",TRUE,"","LokSeptopen10",2,1
"327",484,"Lok","Sept","pitfall","open",11,"open11",NA,NA,NA,10,0,0,10,80,100,4,"grass",TRUE,"","LokSeptopen11",10,2
"328",485,"Lok","Sept","pitfall","open",12,"open12",NA,NA,NA,30,0,0,5,65,100,7,"grass",TRUE,"","LokSeptopen12",1,1
"329",475,"Lok","Sept","pitfall","open",2,"open2",NA,NA,NA,91,0,7,0,2,100,17,"grass",TRUE,"","LokSeptopen2",23,1
"330",476,"Lok","Sept","pitfall","open",3,"open3",NA,NA,NA,22,0,0,2,76,100,12,"grass",TRUE,"","LokSeptopen3",4,1
"331",477,"Lok","Sept","pitfall","open",4,"open4",NA,NA,NA,55,0,4,5,36,100,23,"grass",TRUE,"","LokSeptopen4",3,1
"332",478,"Lok","Sept","pitfall","open",5,"open5",NA,NA,NA,86,0,7,1,6,100,29,"herb",TRUE,"","LokSeptopen5",45,1
"333",479,"Lok","Sept","pitfall","open",6,"open6",NA,NA,NA,16,0,0,7,77,100,13,"grass",TRUE,"","LokSeptopen6",1,1
"334",480,"Lok","Sept","pitfall","open",7,"open7",NA,NA,NA,13,0,0,3,84,100,14,"herb",TRUE,"","LokSeptopen7",2,1
"335",481,"Lok","Sept","pitfall","open",8,"open8",NA,NA,NA,46,0,0,4,50,100,14,"herb",TRUE,"","LokSeptopen8",5,2
"336",482,"Lok","Sept","pitfall","open",9,"open9",NA,NA,NA,85,0,5,0,10,100,8,"herb",TRUE,"","LokSeptopen9",2,1
"338",471,"Lok","Sept","pitfall","shrub",10,"shrub10",300,240,170,8,0,2,1,89,100,23,"grass",TRUE,"","LokSeptshrub10",13,1
"339",472,"Lok","Sept","pitfall","shrub",11,"shrub11",260,220,130,100,0,0,0,0,100,32,"grass",TRUE,"","LokSeptshrub11",10,1
"340",473,"Lok","Sept","pitfall","shrub",12,"shrub12",190,170,80,45,0,3,2,50,100,13,"grass",TRUE,"","LokSeptshrub12",7,1
"341",463,"Lok","Sept","pitfall","shrub",2,"shrub2",260,250,120,100,0,0,0,0,100,39,"grass",TRUE,"","LokSeptshrub2",2,1
"342",464,"Lok","Sept","pitfall","shrub",3,"shrub3",180,170,140,100,0,0,0,0,100,37,"grass",TRUE,"","LokSeptshrub3",9,2
"343",465,"Lok","Sept","pitfall","shrub",4,"shrub4",400,390,130,98,0,0,0,2,100,22,"grass",TRUE,"","LokSeptshrub4",14,1
"344",466,"Lok","Sept","pitfall","shrub",5,"shrub5",320,240,100,98,0,1,0,1,100,23,"grass",TRUE,"","LokSeptshrub5",7,2
"345",467,"Lok","Sept","pitfall","shrub",6,"shrub6",210,140,90,90,0,0,0,10,100,32,"grass",TRUE,"","LokSeptshrub6",43,1
"346",468,"Lok","Sept","pitfall","shrub",7,"shrub7",340,280,170,100,0,0,0,0,100,24,"grass",TRUE,"","LokSeptshrub7",26,1
"347",469,"Lok","Sept","pitfall","shrub",8,"shrub8",390,320,110,88,0,0,0,12,100,29,"grass",TRUE,"","LokSeptshrub8",4,2
"349",402,"Mov","Aug","pitfall","open",13,"open1",NA,NA,NA,50,0,0,0,50,100,15,"grass",TRUE,"","MovAugopen1",2,2
"350",411,"Mov","Aug","pitfall","open",22,"open10",NA,NA,NA,95,0,0,0,5,100,15,"grass",TRUE,"","MovAugopen10",10,1
"351",412,"Mov","Aug","pitfall","open",23,"open11",NA,NA,NA,65,0,0,0,35,100,14,"grass",TRUE,"","MovAugopen11",8,2
"352",413,"Mov","Aug","pitfall","open",24,"open12",NA,NA,NA,90,0,0,0,10,100,14,"grass",TRUE,"","MovAugopen12",4,1
"353",403,"Mov","Aug","pitfall","open",14,"open2",NA,NA,NA,80,0,0,0,20,100,15,"grass",TRUE,"cow dung","MovAugopen2",1,1
"354",404,"Mov","Aug","pitfall","open",15,"open3",NA,NA,NA,90,0,0,0,10,100,8,"grass",TRUE,"cow dung","MovAugopen3",19,2
"355",405,"Mov","Aug","pitfall","open",16,"open4",NA,NA,NA,50,0,0,0,50,100,5,"grass",TRUE,"","MovAugopen4",43,1
"356",406,"Mov","Aug","pitfall","open",17,"open5",NA,NA,NA,40,0,0,0,60,100,13,"grass",TRUE,"","MovAugopen5",5,1
"357",407,"Mov","Aug","pitfall","open",18,"open6",NA,NA,NA,50,0,0,0,50,100,10,"grass",TRUE,"","MovAugopen6",7,1
"359",409,"Mov","Aug","pitfall","open",20,"open8",NA,NA,NA,85,0,0,0,15,100,8,"grass",TRUE,"cow dung","MovAugopen8",16,1
"360",410,"Mov","Aug","pitfall","open",21,"open9",NA,NA,NA,80,0,0,0,20,100,13,"grass",TRUE,"","MovAugopen9",10,2
"361",390,"Mov","Aug","pitfall","open",1,"shrub1",NA,NA,NA,90,0,0,0,10,100,14,"grass",TRUE,"","MovAugshrub1",1,1
"362",399,"Mov","Aug","pitfall","open",10,"shrub10",NA,NA,NA,75,0,0,0,25,100,19,"grass",TRUE,"cow dung","MovAugshrub10",9,1
"363",400,"Mov","Aug","pitfall","open",11,"shrub11",NA,NA,NA,70,0,0,0,30,100,10,"grass",TRUE,"","MovAugshrub11",78,2
"364",401,"Mov","Aug","pitfall","open",12,"shrub12",NA,NA,NA,65,0,0,0,35,100,10,"grass",TRUE,"cow dung","MovAugshrub12",150,1
"365",391,"Mov","Aug","pitfall","open",2,"shrub2",NA,NA,NA,92,0,0,0,8,100,27,"grass",TRUE,"","MovAugshrub2",1,1
"366",392,"Mov","Aug","pitfall","open",3,"shrub3",NA,NA,NA,84,0,1,0,15,100,11,"grass",TRUE,"","MovAugshrub3",2,1
"367",393,"Mov","Aug","pitfall","open",4,"shrub4",NA,NA,NA,85,0,0,0,15,100,12,"grass",TRUE,"","MovAugshrub4",2,1
"368",394,"Mov","Aug","pitfall","open",5,"shrub5",NA,NA,NA,50,1,0,0,49,100,9,"grass",TRUE,"","MovAugshrub5",1,1
"369",395,"Mov","Aug","pitfall","open",6,"shrub6",NA,NA,NA,40,0,0,0,60,100,11,"grass",TRUE,"","MovAugshrub6",6,1
"370",396,"Mov","Aug","pitfall","open",7,"shrub7",NA,NA,NA,35,0,0,0,65,100,12,"grass",TRUE,"cow dung","MovAugshrub7",9,1
"371",397,"Mov","Aug","pitfall","open",8,"shrub8",NA,NA,NA,90,0,0,0,10,100,18,"grass",TRUE,"cow dung","MovAugshrub8",116,1
"372",398,"Mov","Aug","pitfall","open",9,"shrub9",NA,NA,NA,95,0,0,0,5,100,4,"grass",TRUE,"","MovAugshrub9",10,1
"374",207,"Mov","July","pitfall","open",22,"open10",NA,NA,NA,98,0,0,0,2,100,4,"grass",TRUE,"","MovJulyopen10",52,1
"375",208,"Mov","July","pitfall","open",23,"open11",NA,NA,NA,96,0,0,0,4,100,3,"grass",TRUE,"","MovJulyopen11",3,1
"376",209,"Mov","July","pitfall","open",24,"open12",NA,NA,NA,97,0,0,0,3,100,4,"herb",TRUE,"","MovJulyopen12",1,1
"377",199,"Mov","July","pitfall","open",14,"open2",NA,NA,NA,88,2,0,0,10,100,5,"herb",TRUE,"","MovJulyopen2",25,1
"378",200,"Mov","July","pitfall","open",15,"open3",NA,NA,NA,90,5,0,0,5,100,3,"herb",TRUE,"","MovJulyopen3",2,1
"379",201,"Mov","July","pitfall","open",16,"open4",NA,NA,NA,91,4,0,0,5,100,3,"grass",TRUE,"","MovJulyopen4",4,2
"380",202,"Mov","July","pitfall","open",17,"open5",NA,NA,NA,92,4,0,0,4,100,2,"herb",TRUE,"","MovJulyopen5",17,2
"381",203,"Mov","July","pitfall","open",18,"open6",NA,NA,NA,93,0,0,0,7,100,5,"herb",TRUE,"","MovJulyopen6",48,2
"382",204,"Mov","July","pitfall","open",19,"open7",NA,NA,NA,99,1,0,0,0,100,6,"grass",TRUE,"","MovJulyopen7",16,2
"383",205,"Mov","July","pitfall","open",20,"open8",NA,NA,NA,97,1,0,0,2,100,4,"grass",TRUE,"","MovJulyopen8",1,1
"384",206,"Mov","July","pitfall","open",21,"open9",NA,NA,NA,95,0,0,0,5,100,11,"grass",TRUE,"","MovJulyopen9",1,1
"385",186,"Mov","July","pitfall","open",1,"shrub1",NA,NA,NA,80,0,0,0,20,100,13,"herb",TRUE,"","MovJulyshrub1",4,1
"386",195,"Mov","July","pitfall","open",10,"shrub10",NA,NA,NA,93,2,0,0,5,100,7,"herb",TRUE,"","MovJulyshrub10",75,1
"387",196,"Mov","July","pitfall","open",11,"shrub11",NA,NA,NA,90,0,0,0,10,100,9,"grass",TRUE,"","MovJulyshrub11",2,1
"388",197,"Mov","July","pitfall","open",12,"shrub12",NA,NA,NA,97,0,0,0,3,100,17,"grass",TRUE,"","MovJulyshrub12",1,1
"389",187,"Mov","July","pitfall","open",2,"shrub2",NA,NA,NA,50,0,0,0,50,100,16,"grass",TRUE,"","MovJulyshrub2",36,2
"390",188,"Mov","July","pitfall","open",3,"shrub3",NA,NA,NA,96,2,0,0,2,100,12,"herb",TRUE,"","MovJulyshrub3",1,1
"391",189,"Mov","July","pitfall","open",4,"shrub4",NA,NA,NA,91,4,0,0,5,100,6,"grass",TRUE,"","MovJulyshrub4",14,2
"392",190,"Mov","July","pitfall","open",5,"shrub5",NA,NA,NA,87,2,0,1,10,100,6,"grass",TRUE,"","MovJulyshrub5",11,2
"393",191,"Mov","July","pitfall","open",6,"shrub6",NA,NA,NA,78,2,0,0,20,100,2,"herb",TRUE,"","MovJulyshrub6",3,1
"394",192,"Mov","July","pitfall","open",7,"shrub7",NA,NA,NA,85,5,0,0,10,100,7,"grass",TRUE,"","MovJulyshrub7",4,2
"395",193,"Mov","July","pitfall","open",8,"shrub8",NA,NA,NA,90,0,0,0,10,100,4,"grass",TRUE,"","MovJulyshrub8",1,1
"396",194,"Mov","July","pitfall","open",9,"shrub9",NA,NA,NA,65,5,0,0,30,100,3,"grass",TRUE,"","MovJulyshrub9",2,1
"397",615,"Mov","Sept","pitfall","open",13,"open1",NA,NA,NA,15,0,0,0,85,100,7,"grass",TRUE,"","MovSeptopen1",87,3
"398",624,"Mov","Sept","pitfall","open",22,"open10",NA,NA,NA,20,0,0,0,80,100,5,"grass",TRUE,"","MovSeptopen10",3,1
"399",625,"Mov","Sept","pitfall","open",23,"open11",NA,NA,NA,15,0,0,0,85,100,10,"grass",TRUE,"","MovSeptopen11",2,1
"400",626,"Mov","Sept","pitfall","open",24,"open12",NA,NA,NA,20,0,0,0,80,100,20,"grass",TRUE,"","MovSeptopen12",18,1
"401",616,"Mov","Sept","pitfall","open",14,"open2",NA,NA,NA,20,0,0,0,80,100,5,"grass",TRUE,"","MovSeptopen2",52,2
"402",617,"Mov","Sept","pitfall","open",15,"open3",NA,NA,NA,95,0,0,0,5,100,22,"grass",TRUE,"","MovSeptopen3",64,1
"403",618,"Mov","Sept","pitfall","open",16,"open4",NA,NA,NA,84,0,0,1,15,100,10,"grass",TRUE,"","MovSeptopen4",1,1
"404",619,"Mov","Sept","pitfall","open",17,"open5",NA,NA,NA,85,0,0,0,15,100,14,"grass",TRUE,"","MovSeptopen5",28,3
"405",620,"Mov","Sept","pitfall","open",18,"open6",NA,NA,NA,91,0,0,0,10,101,10,"grass",TRUE,"","MovSeptopen6",47,3
"406",621,"Mov","Sept","pitfall","open",19,"open7",NA,NA,NA,15,0,0,0,85,100,10,"grass",TRUE,"","MovSeptopen7",119,3
"407",622,"Mov","Sept","pitfall","open",20,"open8",NA,NA,NA,90,0,0,0,10,100,16,"grass",TRUE,"","MovSeptopen8",15,4
"408",623,"Mov","Sept","pitfall","open",21,"open9",NA,NA,NA,60,0,0,0,40,100,6,"grass",TRUE,"","MovSeptopen9",3,1
"409",603,"Mov","Sept","pitfall","open",1,"shrub1",NA,NA,NA,44,0,1,0,55,100,14,"herb",TRUE,"","MovSeptshrub1",67,2
"411",613,"Mov","Sept","pitfall","open",11,"shrub11",NA,NA,NA,50,0,0,0,50,100,10,"grass",TRUE,"","MovSeptshrub11",59,3
"412",614,"Mov","Sept","pitfall","open",12,"shrub12",NA,NA,NA,50,0,0,0,50,100,6,"grass",TRUE,"","MovSeptshrub12",12,3
"413",604,"Mov","Sept","pitfall","open",2,"shrub2",NA,NA,NA,30,0,0,1,69,100,3,"grass",TRUE,"","MovSeptshrub2",3,2
"414",605,"Mov","Sept","pitfall","open",3,"shrub3",NA,NA,NA,60,8,1,1,30,100,10,"herb",TRUE,"","MovSeptshrub3",1,1
"415",606,"Mov","Sept","pitfall","open",4,"shrub4",NA,NA,NA,12,0,3,3,82,100,6,"grass",TRUE,"","MovSeptshrub4",3,1
"416",607,"Mov","Sept","pitfall","open",5,"shrub5",NA,NA,NA,10,0,1,0,89,100,11,"grass",TRUE,"","MovSeptshrub5",18,1
"417",608,"Mov","Sept","pitfall","open",6,"shrub6",NA,NA,NA,38,0,0,1,61,100,10,"herb",TRUE,"","MovSeptshrub6",4,3
"420",611,"Mov","Sept","pitfall","open",9,"shrub9",NA,NA,NA,60,0,0,0,40,100,5,"herb",TRUE,"","MovSeptshrub9",52,4
"422",387,"PaPl","Aug","pitfall","open",10,"open10",NA,NA,NA,60,0,0,10,30,100,16,"grass",TRUE,"","PaPlAugopen10",24,2
"423",388,"PaPl","Aug","pitfall","open",11,"open11",NA,NA,NA,77,0,0,20,3,100,22,"grass",TRUE,"","PaPlAugopen11",9,2
"424",389,"PaPl","Aug","pitfall","open",12,"open12",NA,NA,NA,96,0,0,4,0,100,17,"grass",TRUE,"","PaPlAugopen12",23,1
"425",379,"PaPl","Aug","pitfall","open",2,"open2",NA,NA,NA,99,0,0,1,0,100,15,"grass",TRUE,"","PaPlAugopen2",2,1
"426",380,"PaPl","Aug","pitfall","open",3,"open3",NA,NA,NA,98,0,0,0,2,100,26,"grass",TRUE,"","PaPlAugopen3",5,1
"429",383,"PaPl","Aug","pitfall","open",6,"open6",NA,NA,NA,100,0,0,0,0,100,22,"grass",TRUE,"","PaPlAugopen6",1,1
"430",384,"PaPl","Aug","pitfall","open",7,"open7",NA,NA,NA,99,0,0,0,1,100,18,"grass",TRUE,"","PaPlAugopen7",12,1
"432",386,"PaPl","Aug","pitfall","open",9,"open9",NA,NA,NA,100,0,0,0,0,100,25,"grass",TRUE,"","PaPlAugopen9",9,1
"434",375,"PaPl","Aug","pitfall","shrub",10,"shrub10",350,260,115,95,0,5,0,0,100,36,"grass",TRUE,"","PaPlAugshrub10",34,3
"435",376,"PaPl","Aug","pitfall","shrub",11,"shrub11",370,330,130,96,0,4,0,0,100,23,"grass",TRUE,"","PaPlAugshrub11",6,1
"436",377,"PaPl","Aug","pitfall","shrub",12,"shrub12",300,250,120,87,10,3,0,0,100,36,"grass",TRUE,"","PaPlAugshrub12",77,1
"437",367,"PaPl","Aug","pitfall","shrub",2,"shrub2",200,145,80,100,0,0,0,0,100,22,"grass",TRUE,"","PaPlAugshrub2",26,3
"438",368,"PaPl","Aug","pitfall","shrub",3,"shrub3",290,270,140,100,0,0,0,0,100,44,"grass",TRUE,"","PaPlAugshrub3",16,2
"440",370,"PaPl","Aug","pitfall","shrub",5,"shrub5",210,180,105,92,0,0,0,8,100,36,"grass",TRUE,"","PaPlAugshrub5",11,1
"441",371,"PaPl","Aug","pitfall","shrub",6,"shrub6",330,210,95,100,0,0,0,0,100,34,"grass",TRUE,"","PaPlAugshrub6",79,2
"442",372,"PaPl","Aug","pitfall","shrub",7,"shrub7",340,290,90,95,0,4,0,1,100,37,"grass",TRUE,"","PaPlAugshrub7",59,1
"443",374,"PaPl","Aug","pitfall","shrub",9,"shrub9",310,240,110,98,0,2,0,0,100,44,"grass",TRUE,"","PaPlAugshrub9",12,1
"444",175,"PaPl","July","pitfall","open",1,"open1",NA,NA,NA,85,0,0,0,15,100,5,"herd",TRUE,"","PaPlJulyopen1",1,1
"445",183,"PaPl","July","pitfall","open",10,"open10",NA,NA,NA,99,0,0,1,0,100,21,"grass",TRUE,"","PaPlJulyopen10",3,2
"446",184,"PaPl","July","pitfall","open",11,"open11",NA,NA,NA,97,0,0,0,3,100,10,"grass",TRUE,"","PaPlJulyopen11",4,1
"447",185,"PaPl","July","pitfall","open",12,"open12",NA,NA,NA,99,0,0,1,0,100,16,"grass",TRUE,"","PaPlJulyopen12",1,1
"448",176,"PaPl","July","pitfall","open",2,"open2",NA,NA,NA,90,0,0,0,10,100,19,"grass",TRUE,"","PaPlJulyopen2",59,2
"449",177,"PaPl","July","pitfall","open",3,"open3",NA,NA,NA,94,1,0,0,5,100,12,"grass",TRUE,"","PaPlJulyopen3",5,2
"450",178,"PaPl","July","pitfall","open",4,"open4",NA,NA,NA,97,0,0,0,3,100,12,"grass",TRUE,"","PaPlJulyopen4",1898,3
"451",179,"PaPl","July","pitfall","open",5,"open5",NA,NA,NA,100,0,0,0,0,100,16,"grass",TRUE,"","PaPlJulyopen5",13,1
"452",181,"PaPl","July","pitfall","open",8,"open8",NA,NA,NA,98,0,0,1,1,100,9,"grass",TRUE,"","PaPlJulyopen8",11,1
"453",182,"PaPl","July","pitfall","open",9,"open9",NA,NA,NA,99,0,0,1,0,100,20,"grass",TRUE,"","PaPlJulyopen9",5,2
"454",163,"PaPl","July","pitfall","shrub",1,"shrub1",420,385,175,100,0,0,0,0,100,36,"grass",TRUE,"","PaPlJulyshrub1",22,1
"455",172,"PaPl","July","pitfall","shrub",10,"shrub10",370,300,160,100,0,0,0,0,100,20,"grass",TRUE,"","PaPlJulyshrub10",16,2
"456",173,"PaPl","July","pitfall","shrub",11,"shrub11",310,240,115,100,0,0,0,0,100,34,"grass",TRUE,"","PaPlJulyshrub11",61,1
"457",174,"PaPl","July","pitfall","shrub",12,"shrub12",380,340,135,100,0,0,0,0,100,24,"grass",TRUE,"","PaPlJulyshrub12",26,2
"458",164,"PaPl","July","pitfall","shrub",2,"shrub2",260,245,90,95,0,0,0,5,100,34,"grass",TRUE,"","PaPlJulyshrub2",25,4
"459",165,"PaPl","July","pitfall","shrub",3,"shrub3",215,150,95,100,0,0,0,0,100,28,"grass",TRUE,"","PaPlJulyshrub3",76,3
"460",166,"PaPl","July","pitfall","shrub",4,"shrub4",270,250,120,98,0,0,0,2,100,50,"grass",TRUE,"burrow","PaPlJulyshrub4",41,3
"461",167,"PaPl","July","pitfall","shrub",5,"shrub5",485,400,175,100,0,0,0,0,100,15,"grass",TRUE,"","PaPlJulyshrub5",18,1
"463",169,"PaPl","July","pitfall","shrub",7,"shrub7",275,165,195,100,0,0,0,0,100,34,"grass",TRUE,"","PaPlJulyshrub7",31,2
"464",170,"PaPl","July","pitfall","shrub",8,"shrub8",240,190,115,95,0,0,0,5,100,28,"grass",TRUE,"","PaPlJulyshrub8",110,2
"465",171,"PaPl","July","pitfall","shrub",9,"shrub9",310,300,105,100,0,0,0,0,100,33,"grass",TRUE,"","PaPlJulyshrub9",28,1
"466",591,"PaPl","Sept","pitfall","open",1,"open1",NA,NA,NA,90,0,0,0,10,100,18,"grass",TRUE,"","PaPlSeptopen1",1,1
"467",600,"PaPl","Sept","pitfall","open",10,"open10",NA,NA,NA,10,0,0,4,86,100,4,"grass",TRUE,"","PaPlSeptopen10",15,1
"468",601,"PaPl","Sept","pitfall","open",11,"open11",NA,NA,NA,48,2,0,1,49,100,5,"herb",TRUE,"","PaPlSeptopen11",1,1
"469",602,"PaPl","Sept","pitfall","open",12,"open12",NA,NA,NA,1,0,1,2,96,100,2,"herb",TRUE,"","PaPlSeptopen12",2,1
"470",592,"PaPl","Sept","pitfall","open",2,"open2",NA,NA,NA,95,0,0,0,5,100,30,"grass",TRUE,"","PaPlSeptopen2",8,2
"471",593,"PaPl","Sept","pitfall","open",3,"open3",NA,NA,NA,95,0,0,0,5,100,42,"grass",TRUE,"","PaPlSeptopen3",1,1
"473",595,"PaPl","Sept","pitfall","open",5,"open5",NA,NA,NA,80,0,0,0,20,100,22,"grass",TRUE,"","PaPlSeptopen5",2,1
"474",596,"PaPl","Sept","pitfall","open",6,"open6",NA,NA,NA,90,0,0,0,10,100,15,"grass",TRUE,"","PaPlSeptopen6",15,1
"475",597,"PaPl","Sept","pitfall","open",7,"open7",NA,NA,NA,64,0,0,1,35,100,16,"herb",TRUE,"","PaPlSeptopen7",16,2
"476",598,"PaPl","Sept","pitfall","open",8,"open8",NA,NA,NA,80,0,0,0,20,100,20,"grass",TRUE,"","PaPlSeptopen8",37,1
"478",579,"PaPl","Sept","pitfall","shrub",1,"shrub1",290,200,130,96,2,1,1,0,100,50,"grass",TRUE,"","PaPlSeptshrub1",6,1
"481",590,"PaPl","Sept","pitfall","shrub",12,"shrub12",330,200,140,98,0,0,1,1,100,30,"grass",TRUE,"","PaPlSeptshrub12",1,1
"482",580,"PaPl","Sept","pitfall","shrub",2,"shrub2",250,180,110,100,0,0,0,0,100,56,"grass",TRUE,"","PaPlSeptshrub2",4,1
"483",581,"PaPl","Sept","pitfall","shrub",3,"shrub3",250,170,140,90,0,0,0,10,100,32,"grass",TRUE,"","PaPlSeptshrub3",21,1
"484",582,"PaPl","Sept","pitfall","shrub",4,"shrub4",200,190,140,100,0,0,0,0,100,38,"grass",TRUE,"","PaPlSeptshrub4",18,2
"485",583,"PaPl","Sept","pitfall","shrub",5,"shrub5",260,220,130,100,0,0,0,0,100,33,"grass",TRUE,"","PaPlSeptshrub5",16,1
"486",584,"PaPl","Sept","pitfall","shrub",6,"shrub6",300,240,130,95,0,0,0,5,100,30,"grass",TRUE,"","PaPlSeptshrub6",9,1
"487",585,"PaPl","Sept","pitfall","shrub",7,"shrub7",200,200,140,95,0,0,0,5,100,20,"grass",TRUE,"","PaPlSeptshrub7",4,2
"488",586,"PaPl","Sept","pitfall","shrub",8,"shrub8",320,150,110,95,2,0,0,3,100,46,"grass",TRUE,"","PaPlSeptshrub8",16,3
"489",587,"PaPl","Sept","pitfall","shrub",9,"shrub9",400,260,160,95,0,0,0,5,100,32,"grass",TRUE,"inactive borrow","PaPlSeptshrub9",5,1
"490",293,"SemiT","Aug","pitfall","open",1,"open1",NA,NA,NA,50,0,0,0,50,100,7,"herb",TRUE,"","SemiTAugopen1",6,1
"493",303,"SemiT","Aug","pitfall","open",12,"open12",NA,NA,NA,0,0,0,0,100,100,NA,NA,NA,"","SemiTAugopen12",2,2
"494",294,"SemiT","Aug","pitfall","open",2,"open2",NA,NA,NA,7,0,1,0,92,100,11,"herb",TRUE,"","SemiTAugopen2",9,1
"497",297,"SemiT","Aug","pitfall","open",5,"open5",NA,NA,NA,15,0,15,0,70,100,3,"herb",TRUE,"","SemiTAugopen5",3,2
"499",299,"SemiT","Aug","pitfall","open",7,"open7",NA,NA,NA,50,0,0,0,50,100,6,"herb",TRUE,"","SemiTAugopen7",3,2
"500",300,"SemiT","Aug","pitfall","open",9,"open9",NA,NA,NA,25,0,8,0,67,100,11,"herb",TRUE,"","SemiTAugopen9",1,1
"501",281,"SemiT","Aug","pitfall","shrub",1,"shrub1",190,185,100,99,0,0,0,1,100,19,"grass",TRUE,"","SemiTAugshrub1",2,1
"504",292,"SemiT","Aug","pitfall","shrub",12,"shrub12",180,155,95,80,0,0,0,20,100,19,"grass",TRUE,"","SemiTAugshrub12",1,1
"505",282,"SemiT","Aug","pitfall","shrub",2,"shrub2",130,105,100,13,0,0,0,87,100,7,"herb",TRUE,"","SemiTAugshrub2",1,1
"506",283,"SemiT","Aug","pitfall","shrub",3,"shrub3",160,160,110,94,0,2,0,4,100,15,"grass",TRUE,"","SemiTAugshrub3",1,1
"508",285,"SemiT","Aug","pitfall","shrub",5,"shrub5",105,95,85,99,0,1,0,0,100,15,"grass",TRUE,"","SemiTAugshrub5",1,1
"509",286,"SemiT","Aug","pitfall","shrub",6,"shrub6",180,170,90,100,0,0,0,0,100,22,"grass",TRUE,"","SemiTAugshrub6",6,1
"511",288,"SemiT","Aug","pitfall","shrub",8,"shrub8",255,170,90,98,0,0,1,1,100,17,"grass",TRUE,"","SemiTAugshrub8",1,1
"512",289,"SemiT","Aug","pitfall","shrub",9,"shrub9",300,260,105,96,0,0,0,4,100,16,"grass",TRUE,"","SemiTAugshrub9",12,1
"513",82,"SemiT","July","pitfall","open",1,"open1",NA,NA,NA,100,0,0,0,0,100,10,"herb",TRUE,"","SemiTJulyopen1",10,1
"514",90,"SemiT","July","pitfall","open",10,"open10",NA,NA,NA,94,0,1,0,5,100,16,"herb",TRUE,"","SemiTJulyopen10",4,1
"515",91,"SemiT","July","pitfall","open",11,"open11",NA,NA,NA,20,0,0,0,80,100,13,"herb",TRUE,"","SemiTJulyopen11",6,1
"516",92,"SemiT","July","pitfall","open",12,"open12",NA,NA,NA,80,0,0,0,20,100,18,"herb",TRUE,"","SemiTJulyopen12",2,1
"517",83,"SemiT","July","pitfall","open",2,"open2",NA,NA,NA,1,0,0,0,99,100,8,"herb",TRUE,"","SemiTJulyopen2",31,1
"518",84,"SemiT","July","pitfall","open",3,"open3",NA,NA,NA,100,0,0,0,0,100,10,"herb",TRUE,"","SemiTJulyopen3",6,1
"519",85,"SemiT","July","pitfall","open",4,"open4",NA,NA,NA,6,0,0,0,94,100,6,"herb",TRUE,"","SemiTJulyopen4",4,1
"520",86,"SemiT","July","pitfall","open",6,"open6",NA,NA,NA,20,0,0,0,80,100,10,"herb",TRUE,"","SemiTJulyopen6",14,1
"521",87,"SemiT","July","pitfall","open",7,"open7",NA,NA,NA,15,0,0,0,85,100,9,"herb",TRUE,"","SemiTJulyopen7",16,1
"522",88,"SemiT","July","pitfall","open",8,"open8",NA,NA,NA,0,0,0,0,100,100,0,"herb",TRUE,"","SemiTJulyopen8",30,1
"523",89,"SemiT","July","pitfall","open",9,"open9",NA,NA,NA,98,0,0,0,2,100,7,"herb",TRUE,"","SemiTJulyopen9",3,1
"524",70,"SemiT","July","pitfall","shrub",1,"shrub1",195,180,110,85,0,0,0,15,100,7,"herb",TRUE,"","SemiTJulyshrub1",45,1
"527",81,"SemiT","July","pitfall","shrub",12,"shrub12",180,130,95,100,0,0,0,0,100,20,"grass",TRUE,"","SemiTJulyshrub12",17,2
"528",71,"SemiT","July","pitfall","shrub",2,"shrub2",240,190,90,50,0,0,0,50,100,25,"grass",TRUE,"","SemiTJulyshrub2",37,1
"530",73,"SemiT","July","pitfall","shrub",4,"shrub4",140,90,105,25,0,0,0,75,100,12,"herb",TRUE,"","SemiTJulyshrub4",3,1
"531",74,"SemiT","July","pitfall","shrub",5,"shrub5",220,200,225,0,0,0,0,100,100,0,NA,TRUE,"","SemiTJulyshrub5",30,2
"532",75,"SemiT","July","pitfall","shrub",6,"shrub6",145,140,80,50,0,0,0,50,100,14,"grass",TRUE,"","SemiTJulyshrub6",8,1
"533",76,"SemiT","July","pitfall","shrub",7,"shrub7",205,195,105,10,0,0,0,90,100,10,"herb",TRUE,"","SemiTJulyshrub7",8,2
"534",77,"SemiT","July","pitfall","shrub",8,"shrub8",325,220,100,94,0,1,0,5,100,18,"grass",TRUE,"","SemiTJulyshrub8",9,1
"535",78,"SemiT","July","pitfall","shrub",9,"shrub9",410,220,100,100,0,0,0,0,100,10,"grass",TRUE,"","SemiTJulyshrub9",2,1
"536",498,"SemiT","Sept","pitfall","open",1,"open1",NA,NA,NA,45,0,0,0,55,100,26,"herb",TRUE,"","SemiTSeptopen1",22,1
"537",507,"SemiT","Sept","pitfall","open",10,"open10",NA,NA,NA,50,0,0,0,50,100,8,"herb",TRUE,"","SemiTSeptopen10",2,2
"538",508,"SemiT","Sept","pitfall","open",11,"open11",NA,NA,NA,100,0,0,0,0,100,30,"grass",TRUE,"","SemiTSeptopen11",2,1
"539",509,"SemiT","Sept","pitfall","open",12,"open12",NA,NA,NA,85,0,0,0,15,100,10,"herb",TRUE,"","SemiTSeptopen12",7,1
"540",499,"SemiT","Sept","pitfall","open",2,"open2",NA,NA,NA,99,0,0,0,1,100,25,"grass",TRUE,"","SemiTSeptopen2",9,2
"541",500,"SemiT","Sept","pitfall","open",3,"open3",NA,NA,NA,98,0,0,0,2,100,19,"herb",TRUE,"","SemiTSeptopen3",1,1
"542",501,"SemiT","Sept","pitfall","open",4,"open4",NA,NA,NA,6,0,0,0,94,100,5,"herb",TRUE,"","SemiTSeptopen4",1,1
"543",502,"SemiT","Sept","pitfall","open",5,"open5",NA,NA,NA,7,0,1,0,92,100,4,"herb",TRUE,"","SemiTSeptopen5",3,2
"544",503,"SemiT","Sept","pitfall","open",6,"open6",NA,NA,NA,72,0,3,0,25,100,16,"herb",TRUE,"","SemiTSeptopen6",15,2
"545",504,"SemiT","Sept","pitfall","open",7,"open7",NA,NA,NA,98,0,0,0,2,100,29,"herb",TRUE,"","SemiTSeptopen7",8,1
"547",506,"SemiT","Sept","pitfall","open",9,"open9",NA,NA,NA,96,0,2,0,2,100,37,"grass",TRUE,"","SemiTSeptopen9",1,1
"548",486,"SemiT","Sept","pitfall","shrub",1,"shrub1",180,170,120,35,0,60,0,5,100,30,"grass",TRUE,"","SemiTSeptshrub1",9,1
"550",497,"SemiT","Sept","pitfall","shrub",12,"shrub12",160,150,110,20,0,0,0,80,100,11,"grass",TRUE,"","SemiTSeptshrub12",14,2
"551",487,"SemiT","Sept","pitfall","shrub",2,"shrub2",170,140,100,78,0,2,0,20,100,26,"grass",TRUE,"","SemiTSeptshrub2",8,1
"552",488,"SemiT","Sept","pitfall","shrub",3,"shrub3",220,160,100,97,0,2,0,1,100,37,"grass",TRUE,"","SemiTSeptshrub3",2,1
"553",489,"SemiT","Sept","pitfall","shrub",4,"shrub4",200,180,130,5,0,0,0,95,100,15,"grass",TRUE,"","SemiTSeptshrub4",2,1
"554",490,"SemiT","Sept","pitfall","shrub",5,"shrub5",210,200,120,23,0,0,0,77,100,22,"grass",TRUE,"","SemiTSeptshrub5",1,1
"555",491,"SemiT","Sept","pitfall","shrub",6,"shrub6",230,220,140,65,0,8,0,27,100,24,"grass",TRUE,"","SemiTSeptshrub6",3,1
"556",492,"SemiT","Sept","pitfall","shrub",7,"shrub7",140,140,100,5,0,0,0,95,100,10,"grass",TRUE,"","SemiTSeptshrub7",13,1
"557",493,"SemiT","Sept","pitfall","shrub",8,"shrub8",120,100,80,45,0,1,0,54,100,28,"grass",TRUE,"","SemiTSeptshrub8",3,1
"559",360,"SiCr","Aug","pitfall","open",1,"open1",NA,NA,NA,100,0,0,0,0,100,12,"grass",TRUE,"","SiCrAugopen1",4,2
"560",365,"SiCr","Aug","pitfall","open",10,"open10",NA,NA,NA,100,0,0,0,0,100,12,"grass",TRUE,"","SiCrAugopen10",6,1
"561",361,"SiCr","Aug","pitfall","open",2,"open2",NA,NA,NA,40,0,0,0,60,100,3,"grass",TRUE,"","SiCrAugopen2",30,3
"562",362,"SiCr","Aug","pitfall","open",3,"open3",NA,NA,NA,20,0,10,0,70,100,2,"grass",TRUE,"","SiCrAugopen3",26,3
"563",363,"SiCr","Aug","pitfall","open",4,"open4",NA,NA,NA,40,0,0,0,60,100,7,"grass",TRUE,"","SiCrAugopen4",4,1
"564",364,"SiCr","Aug","pitfall","open",5,"open5",NA,NA,NA,50,0,0,0,50,100,1,"grass",TRUE,"","SiCrAugopen5",14,1
"565",352,"SiCr","Aug","pitfall","shrub",1,"shrub1",295,290,150,100,0,0,0,0,100,33,"grass",TRUE,"","SiCrAugshrub1",42,2
"566",359,"SiCr","Aug","pitfall","shrub",10,"shrub10",280,220,170,50,0,10,0,40,100,9,"grass",TRUE,"","SiCrAugshrub10",48,2
"567",353,"SiCr","Aug","pitfall","shrub",2,"shrub2",480,390,200,95,0,5,0,0,100,20,"grass",TRUE,"","SiCrAugshrub2",8,2
"568",354,"SiCr","Aug","pitfall","shrub",3,"shrub3",310,295,160,100,0,0,0,0,100,3,"grass",TRUE,"","SiCrAugshrub3",11,1
"569",355,"SiCr","Aug","pitfall","shrub",4,"shrub4",225,125,145,50,0,50,0,0,100,10,"grass",TRUE,"","SiCrAugshrub4",18,2
"570",356,"SiCr","Aug","pitfall","shrub",5,"shrub5",370,280,145,95,0,0,3,2,100,7,"grass",TRUE,"","SiCrAugshrub5",80,2
"571",357,"SiCr","Aug","pitfall","shrub",6,"shrub6",385,340,160,75,0,25,0,0,100,8,"grass",TRUE,"","SiCrAugshrub6",4,2
"572",358,"SiCr","Aug","pitfall","shrub",8,"shrub8",250,245,140,90,0,0,0,10,100,11,"grass",TRUE,"","SiCrAugshrub8",14,2
"573",152,"SiCr","July","pitfall","open",1,"open1",NA,NA,NA,100,0,0,0,0,100,26,"grass",TRUE,"","SiCrJulyopen1",3,3
"574",160,"SiCr","July","pitfall","open",10,"open10",NA,NA,NA,99,0,0,0,1,100,3,"herb",TRUE,"","SiCrJulyopen10",13,2
"575",161,"SiCr","July","pitfall","open",11,"open11",NA,NA,NA,100,0,0,0,0,100,23,"grass",TRUE,"","SiCrJulyopen11",12,1
"576",162,"SiCr","July","pitfall","open",12,"open12",NA,NA,NA,100,0,0,0,0,100,37,"grass",TRUE,"","SiCrJulyopen12",19,1
"577",153,"SiCr","July","pitfall","open",2,"open2",NA,NA,NA,5,1,0,0,94,100,7,"grass",TRUE,"","SiCrJulyopen2",22,3
"578",154,"SiCr","July","pitfall","open",4,"open4",NA,NA,NA,50,0,0,0,50,100,13,"herb",TRUE,"","SiCrJulyopen4",25,3
"579",155,"SiCr","July","pitfall","open",5,"open5",NA,NA,NA,0,0,5,0,95,100,NA,NA,NA,"","SiCrJulyopen5",5,1
"580",156,"SiCr","July","pitfall","open",6,"open6",NA,NA,NA,100,0,0,0,0,100,28,"grass",TRUE,"","SiCrJulyopen6",6,2
"581",157,"SiCr","July","pitfall","open",7,"open7",NA,NA,NA,50,0,1,0,49,100,1,"grass",TRUE,"","SiCrJulyopen7",8,3
"582",158,"SiCr","July","pitfall","open",8,"open8",NA,NA,NA,99,0,0,0,1,100,28,"herb",TRUE,"","SiCrJulyopen8",14,1
"583",159,"SiCr","July","pitfall","open",9,"open9",NA,NA,NA,100,0,0,0,0,100,38,"grass",TRUE,"","SiCrJulyopen9",21,1
"584",141,"SiCr","July","pitfall","shrub",1,"shrub1",220,130,130,85,0,0,0,15,100,25,"grass",TRUE,"","SiCrJulyshrub1",77,3
"585",149,"SiCr","July","pitfall","shrub",10,"shrub10",95,105,70,100,0,0,0,0,100,26,"grass",TRUE,"","SiCrJulyshrub10",62,3
"586",150,"SiCr","July","pitfall","shrub",11,"shrub11",150,100,95,100,0,0,0,0,100,40,"grass",TRUE,"","SiCrJulyshrub11",44,3
"587",151,"SiCr","July","pitfall","shrub",12,"shrub12",300,210,155,50,0,50,0,0,100,20,"grass",TRUE,"","SiCrJulyshrub12",15,2
"588",142,"SiCr","July","pitfall","shrub",2,"shrub2",135,100,110,63,0,0,2,35,100,16,"grass",TRUE,"","SiCrJulyshrub2",50,4
"589",143,"SiCr","July","pitfall","shrub",3,"shrub3",210,190,120,80,0,0,0,20,100,24,"grass",TRUE,"","SiCrJulyshrub3",119,3
"590",144,"SiCr","July","pitfall","shrub",4,"shrub4",250,210,135,99,0,0,0,1,100,23,"grass",TRUE,"","SiCrJulyshrub4",58,4
"591",145,"SiCr","July","pitfall","shrub",6,"shrub6",200,200,100,100,0,0,0,0,100,28,"grass",TRUE,"","SiCrJulyshrub6",17,2
"592",146,"SiCr","July","pitfall","shrub",7,"shrub7",420,380,190,100,0,0,0,0,100,18,"grass",TRUE,"","SiCrJulyshrub7",33,2
"593",147,"SiCr","July","pitfall","shrub",8,"shrub8",180,155,120,94,0,0,1,5,100,11,"grass",TRUE,"","SiCrJulyshrub8",39,1
"594",148,"SiCr","July","pitfall","shrub",9,"shrub9",370,350,155,99,0,1,0,0,100,29,"grass",TRUE,"","SiCrJulyshrub9",9,1
"596",578,"SiCr","Sept","pitfall","open",11,"open11",NA,NA,NA,100,0,0,0,0,100,32,"grass",TRUE,"","SiCrSeptopen11",25,1
"597",571,"SiCr","Sept","pitfall","open",2,"open2",NA,NA,NA,10,0,0,3,87,100,2,"grass",TRUE,"","SiCrSeptopen2",8,2
"598",572,"SiCr","Sept","pitfall","open",4,"open4",NA,NA,NA,100,0,0,0,0,100,15,"grass",TRUE,"","SiCrSeptopen4",5,1
"599",573,"SiCr","Sept","pitfall","open",5,"open5",NA,NA,NA,100,0,0,0,0,100,33,"grass",TRUE,"","SiCrSeptopen5",20,2
"600",574,"SiCr","Sept","pitfall","open",6,"open6",NA,NA,NA,2,0,0,3,95,100,2,"grass",TRUE,"","SiCrSeptopen6",29,1
"601",575,"SiCr","Sept","pitfall","open",7,"open7",NA,NA,NA,93,0,0,2,5,100,27,"grass",TRUE,"","SiCrSeptopen7",10,1
"602",576,"SiCr","Sept","pitfall","open",8,"open8",NA,NA,NA,88,0,0,2,10,100,4,"grass",TRUE,"","SiCrSeptopen8",323,2
"603",577,"SiCr","Sept","pitfall","open",9,"open9",NA,NA,NA,95,0,0,0,5,100,16,"grass",TRUE,"","SiCrSeptopen9",7,1
"604",558,"SiCr","Sept","pitfall","shrub",1,"shrub1",330,290,150,98,0,0,0,2,100,34,"grass",TRUE,"","SiCrSeptshrub1",57,2
"605",567,"SiCr","Sept","pitfall","shrub",10,"shrub10",410,370,180,40,0,0,0,60,100,15,"grass",TRUE,"","SiCrSeptshrub10",11,2
"606",569,"SiCr","Sept","pitfall","shrub",12,"shrub12",270,270,160,2,2,0,1,95,100,6,"grass",TRUE,"","SiCrSeptshrub12",12,2
"607",559,"SiCr","Sept","pitfall","shrub",2,"shrub2",250,210,150,40,0,0,0,60,100,22,"grass",TRUE,"","SiCrSeptshrub2",10,1
"608",560,"SiCr","Sept","pitfall","shrub",3,"shrub3",220,190,140,100,0,0,0,0,100,30,"grass",TRUE,"","SiCrSeptshrub3",41,1
"609",561,"SiCr","Sept","pitfall","shrub",4,"shrub4",230,200,140,100,0,0,0,0,100,30,"grass",TRUE,"","SiCrSeptshrub4",69,2
"610",562,"SiCr","Sept","pitfall","shrub",5,"shrub5",220,210,150,98,0,0,0,2,100,42,"grass",TRUE,"","SiCrSeptshrub5",20,2
"611",563,"SiCr","Sept","pitfall","shrub",6,"shrub6",370,320,190,100,0,0,0,0,100,25,"grass",TRUE,"","SiCrSeptshrub6",26,2
"612",564,"SiCr","Sept","pitfall","shrub",7,"shrub7",170,150,120,90,0,0,0,10,100,14,"grass",TRUE,"","SiCrSeptshrub7",462,2
"613",565,"SiCr","Sept","pitfall","shrub",8,"shrub8",220,210,160,100,0,0,0,0,100,10,"grass",TRUE,"","SiCrSeptshrub8",112,2
"614",566,"SiCr","Sept","pitfall","shrub",9,"shrub9",360,340,200,5,0,2,0,93,100,0,"herb",TRUE,"","SiCrSeptshrub9",1,1
"15",338,"Aven","Aug","pitfall","shrub",11,"shrub11",220,170,140,100,0,0,0,0,100,27,"grass",TRUE,"","AvenAugshrub11",0,0
"24",129,"Aven","July","pitfall","open",1,"open1",NA,NA,NA,100,0,0,0,0,100,32,"grass",TRUE,"","AvenJulyopen1",0,0
"34",117,"Aven","July","pitfall","shrub",1,"shrub1",180,110,80,30,0,15,0,55,100,42,"grass",TRUE,"lots of burrows","AvenJulyshrub1",0,0
"35",126,"Aven","July","pitfall","shrub",10,"shrub10",140,95,105,99,0,1,0,0,100,19,"grass",TRUE,"","AvenJulyshrub10",0,0
"40",120,"Aven","July","pitfall","shrub",4,"shrub4",170,90,90,25,0,0,0,75,100,25,"grass",TRUE,"","AvenJulyshrub4",0,0
"46",546,"Aven","Sept","pitfall","open",1,"open1",NA,NA,NA,94,0,0,1,5,100,20,"grass",TRUE,"","AvenSeptopen1",0,0
"51",548,"Aven","Sept","pitfall","open",3,"open3",NA,NA,NA,100,0,0,0,0,100,12,"grass",TRUE,"","AvenSeptopen3",0,0
"52",549,"Aven","Sept","pitfall","open",4,"open4",NA,NA,NA,90,0,0,0,10,100,23,"grass",TRUE,"","AvenSeptopen4",0,0
"55",552,"Aven","Sept","pitfall","open",7,"open7",NA,NA,NA,1,0,0,1,98,100,2,"grass",TRUE,"","AvenSeptopen7",0,0
"56",553,"Aven","Sept","pitfall","open",8,"open8",NA,NA,NA,100,0,0,0,0,100,40,"grass",TRUE,"","AvenSeptopen8",0,0
"62",535,"Aven","Sept","pitfall","shrub",2,"shrub2",165,130,130,85,0,0,0,15,100,28,"grass",TRUE,"","AvenSeptshrub2",0,0
"64",537,"Aven","Sept","pitfall","shrub",4,"shrub4",335,280,165,10,0,0,0,90,100,6,"grass",TRUE,"","AvenSeptshrub4",0,0
"66",539,"Aven","Sept","pitfall","shrub",6,"shrub6",210,210,130,95,0,0,0,5,100,35,"grass",TRUE,"","AvenSeptshrub6",0,0
"67",540,"Aven","Sept","pitfall","shrub",7,"shrub7",270,220,145,95,0,0,0,5,100,37,"grass",TRUE,"","AvenSeptshrub7",0,0
"68",541,"Aven","Sept","pitfall","shrub",8,"shrub8",265,210,155,90,0,0,0,10,100,30,"grass",TRUE,"","AvenSeptshrub8",0,0
"69",542,"Aven","Sept","pitfall","shrub",9,"shrub9",200,150,145,95,0,0,0,5,100,30,"grass",TRUE,"","AvenSeptshrub9",0,0
"97",23,"CaS","July","pitfall","open",12,"open12",NA,NA,NA,3,0,0,2,95,100,3,"grass",TRUE,"","CaSJulyopen12",0,0
"164",460,"CaSl","Sept","pitfall","open",23,"open11",NA,NA,NA,5,0,8,8,79,100,2,"grass",TRUE,"","CaSlSeptopen11",0,0
"166",451,"CaSl","Sept","pitfall","open",14,"open2",NA,NA,NA,1,0,30,8,61,100,6,"grass",TRUE,"","CaSlSeptopen2",0,0
"167",452,"CaSl","Sept","pitfall","open",15,"open3",NA,NA,NA,30,0,17,3,50,100,28,"herb",TRUE,"","CaSlSeptopen3",0,0
"168",453,"CaSl","Sept","pitfall","open",16,"open4",NA,NA,NA,1,0,93,3,3,100,3,"grass",TRUE,"","CaSlSeptopen4",0,0
"171",456,"CaSl","Sept","pitfall","open",19,"open7",NA,NA,NA,15,0,48,2,35,100,17,"grass",TRUE,"","CaSlSeptopen7",0,0
"177",449,"CaSl","Sept","pitfall","open",12,"shrub12",NA,NA,NA,6,0,65,4,25,100,5,"grass",TRUE,"","CaSlSeptshrub12",0,0
"178",439,"CaSl","Sept","pitfall","open",2,"shrub2",NA,NA,NA,10,0,30,15,45,100,4,"grass",TRUE,"","CaSlSeptshrub2",0,0
"181",442,"CaSl","Sept","pitfall","open",5,"shrub5",NA,NA,NA,75,0,10,10,5,100,12,"grass",TRUE,"","CaSlSeptshrub5",0,0
"184",445,"CaSl","Sept","pitfall","open",8,"shrub8",NA,NA,NA,1,0,2,7,90,100,1,"grass",TRUE,"","CaSlSeptshrub8",0,0
"209",422,"CaS","Sept","pitfall","shrub",9,"shrub9",420,400,140,0,0,7,25,68,100,NA,NA,NA,"","CaSSeptshrub9",0,0
"223",313,"Coal","Aug","pitfall","open",10,"shrub10",NA,NA,NA,95,2,1,0,2,100,24,"grass",TRUE,"","CoalAugshrub10",0,0
"226",305,"Coal","Aug","pitfall","open",2,"shrub2",NA,NA,NA,97,3,0,0,0,100,20,"grass",TRUE,"","CoalAugshrub2",0,0
"238",106,"Coal","July","pitfall","open",14,"open2",NA,NA,NA,98,1,0,0,1,100,12,"grass",TRUE,"","CoalJulyopen2",0,0
"251",95,"Coal","July","pitfall","open",3,"shrub3",NA,NA,NA,97,3,0,0,0,100,5,"grass",TRUE,"","CoalJulyshrub3",0,0
"259",532,"Coal","Sept","pitfall","open",23,"open11",NA,NA,NA,96,0,2,2,0,100,4,"grass",TRUE,"","CoalSeptopen11",0,0
"265",527,"Coal","Sept","pitfall","open",18,"open6",NA,NA,NA,98,2,0,0,0,100,20,"grass",TRUE,"","CoalSeptopen6",0,0
"268",530,"Coal","Sept","pitfall","open",21,"open9",NA,NA,NA,88,5,0,2,5,100,11,"grass",TRUE,"","CoalSeptopen9",0,0
"275",513,"Coal","Sept","pitfall","open",4,"shrub4",NA,NA,NA,95,5,0,0,0,100,11,"grass",TRUE,"","CoalSeptshrub4",0,0
"276",514,"Coal","Sept","pitfall","open",5,"shrub5",NA,NA,NA,95,0,0,0,5,100,13,"grass",TRUE,"","CoalSeptshrub5",0,0
"277",515,"Coal","Sept","pitfall","open",6,"shrub6",NA,NA,NA,90,5,0,0,5,100,15,"grass",TRUE,"","CoalSeptshrub6",0,0
"278",516,"Coal","Sept","pitfall","open",7,"shrub7",NA,NA,NA,95,0,0,0,5,100,10,"grass",TRUE,"","CoalSeptshrub7",0,0
"282",278,"Lok","Aug","pitfall","open",10,"open10",NA,NA,NA,15,0,0,15,70,100,7,"herb",TRUE,"","LokAugopen10",0,0
"283",279,"Lok","Aug","pitfall","open",11,"open11",NA,NA,NA,0,0,0,2,98,100,0,NA,NA,"","LokAugopen11",0,0
"284",280,"Lok","Aug","pitfall","open",12,"open12",NA,NA,NA,15,3,1,50,31,100,20,"grass",TRUE,"","LokAugopen12",0,0
"287",272,"Lok","Aug","pitfall","open",4,"open4",NA,NA,NA,96,0,1,0,3,100,29,"grass",TRUE,"","LokAugopen4",0,0
"290",275,"Lok","Aug","pitfall","open",7,"open7",NA,NA,NA,80,0,0,1,19,100,17,"herb",TRUE,"","LokAugopen7",0,0
"292",277,"Lok","Aug","pitfall","open",9,"open9",NA,NA,NA,60,0,0,1,39,100,14,"herb",TRUE,"","LokAugopen9",0,0
"295",267,"Lok","Aug","pitfall","shrub",11,"shrub11",245,140,100,42,0,0,0,58,100,12,"grass",TRUE,"","LokAugshrub11",0,0
"297",259,"Lok","Aug","pitfall","shrub",2,"shrub2",350,370,150,70,0,0,4,26,100,26,"grass",TRUE,"","LokAugshrub2",0,0
"298",260,"Lok","Aug","pitfall","shrub",3,"shrub3",120,90,100,94,0,0,0,6,100,28,"grass",TRUE,"","LokAugshrub3",0,0
"299",261,"Lok","Aug","pitfall","shrub",4,"shrub4",250,210,140,80,0,0,0,20,100,26,"grass",TRUE,"","LokAugshrub4",0,0
"301",263,"Lok","Aug","pitfall","shrub",7,"shrub7",320,210,120,90,0,0,0,10,100,24,"grass",TRUE,"","LokAugshrub7",0,0
"304",58,"Lok","July","pitfall","open",1,"open1",NA,NA,NA,4,2,0,0,94,100,4,"Grass",TRUE,"","LokJulyopen1",0,0
"312",65,"Lok","July","pitfall","open",8,"open8",NA,NA,NA,5,0,40,0,55,100,10,"Grass",TRUE,"","LokJulyopen8",0,0
"313",66,"Lok","July","pitfall","open",9,"open9",NA,NA,NA,3,0,0,1,96,100,5,"Grass",TRUE,"","LokJulyopen9",0,0
"321",51,"Lok","July","pitfall","shrub",6,"shrub6",200,175,115,89,0,5,1,5,100,16,"Grass",TRUE,"","LokJulyshrub6",0,0
"323",53,"Lok","July","pitfall","shrub",8,"shrub8",230,150,110,90,0,1,0,9,100,17,"Grass",TRUE,"","LokJulyshrub8",0,0
"337",462,"Lok","Sept","pitfall","shrub",1,"shrub1",320,250,120,70,0,0,1,29,100,30,"grass",TRUE,"","LokSeptshrub1",0,0
"348",470,"Lok","Sept","pitfall","shrub",9,"shrub9",360,190,110,99,0,1,0,0,100,35,"grass",TRUE,"","LokSeptshrub9",0,0
"358",408,"Mov","Aug","pitfall","open",19,"open7",NA,NA,NA,55,0,0,0,45,100,13,"grass",TRUE,"","MovAugopen7",0,0
"373",198,"Mov","July","pitfall","open",13,"open1",NA,NA,NA,82,8,0,0,10,100,4,"herb",TRUE,"","MovJulyopen1",0,0
"410",612,"Mov","Sept","pitfall","open",10,"shrub10",NA,NA,NA,30,0,0,0,70,100,4,"grass",TRUE,"","MovSeptshrub10",0,0
"418",609,"Mov","Sept","pitfall","open",7,"shrub7",NA,NA,NA,15,0,0,0,85,100,12,"grass",TRUE,"","MovSeptshrub7",0,0
"419",610,"Mov","Sept","pitfall","open",8,"shrub8",NA,NA,NA,14,1,5,0,80,100,6,"grass",TRUE,"","MovSeptshrub8",0,0
"421",378,"PaPl","Aug","pitfall","open",1,"open1",NA,NA,NA,100,0,0,0,0,100,22,"grass",TRUE,"","PaPlAugopen1",0,0
"427",381,"PaPl","Aug","pitfall","open",4,"open4",NA,NA,NA,98,0,0,0,2,100,16,"grass",TRUE,"","PaPlAugopen4",0,0
"428",382,"PaPl","Aug","pitfall","open",5,"open5",NA,NA,NA,100,0,0,0,0,100,15,"grass",TRUE,"","PaPlAugopen5",0,0
"431",385,"PaPl","Aug","pitfall","open",8,"open8",NA,NA,NA,95,0,0,5,0,100,28,"grass",TRUE,"","PaPlAugopen8",0,0
"433",366,"PaPl","Aug","pitfall","shrub",1,"shrub1",295,255,165,100,0,0,0,0,100,30,"grass",TRUE,"","PaPlAugshrub1",0,0
"439",369,"PaPl","Aug","pitfall","shrub",4,"shrub4",260,250,135,100,0,0,0,0,100,24,"grass",TRUE,"","PaPlAugshrub4",0,0
"462",168,"PaPl","July","pitfall","shrub",6,"shrub6",300,275,130,100,0,0,0,0,100,25,"grass",TRUE,"","PaPlJulyshrub6",0,0
"472",594,"PaPl","Sept","pitfall","open",4,"open4",NA,NA,NA,90,0,0,0,10,100,15,"grass",TRUE,"","PaPlSeptopen4",0,0
"477",599,"PaPl","Sept","pitfall","open",9,"open9",NA,NA,NA,58,0,0,4,38,100,7,"grass",TRUE,"","PaPlSeptopen9",0,0
"479",588,"PaPl","Sept","pitfall","shrub",10,"shrub10",380,300,120,97,0,1,0,2,100,19,"grass",TRUE,"","PaPlSeptshrub10",0,0
"480",589,"PaPl","Sept","pitfall","shrub",11,"shrub11",270,220,150,99,0,1,0,0,100,30,"grass",TRUE,"","PaPlSeptshrub11",0,0
"491",301,"SemiT","Aug","pitfall","open",10,"open10",NA,NA,NA,96,0,1,0,3,100,11,"herb",TRUE,"","SemiTAugopen10",0,0
"492",302,"SemiT","Aug","pitfall","open",11,"open11",NA,NA,NA,6,0,0,0,94,100,8,"herb",TRUE,"","SemiTAugopen11",0,0
"495",295,"SemiT","Aug","pitfall","open",3,"open3",NA,NA,NA,40,0,0,0,60,100,4,"herb",TRUE,"","SemiTAugopen3",0,0
"496",296,"SemiT","Aug","pitfall","open",4,"open4",NA,NA,NA,96,0,2,0,2,100,15,"herb",TRUE,"","SemiTAugopen4",0,0
"498",298,"SemiT","Aug","pitfall","open",6,"open6",NA,NA,NA,65,0,0,0,35,100,5,"herb",TRUE,"","SemiTAugopen6",0,0
"502",290,"SemiT","Aug","pitfall","shrub",10,"shrub10",280,260,105,92,0,8,0,0,100,23,"grass",TRUE,"","SemiTAugshrub10",0,0
"503",291,"SemiT","Aug","pitfall","shrub",11,"shrub11",305,295,125,90,0,0,0,10,100,19,"grass",TRUE,"","SemiTAugshrub11",0,0
"507",284,"SemiT","Aug","pitfall","shrub",4,"shrub4",205,190,95,100,0,0,0,0,100,16,"grass",TRUE,"","SemiTAugshrub4",0,0
"510",287,"SemiT","Aug","pitfall","shrub",7,"shrub7",230,225,110,100,0,0,0,0,100,25,"grass",TRUE,"","SemiTAugshrub7",0,0
"525",79,"SemiT","July","pitfall","shrub",10,"shrub10",220,180,120,100,0,0,0,0,100,16,"grass",TRUE,"","SemiTJulyshrub10",0,0
"526",80,"SemiT","July","pitfall","shrub",11,"shrub11",380,370,90,100,0,0,0,0,100,24,"grass",TRUE,"","SemiTJulyshrub11",0,0
"529",72,"SemiT","July","pitfall","shrub",3,"shrub3",155,155,80,20,0,0,0,80,100,4,"herb",TRUE,"","SemiTJulyshrub3",0,0
"546",505,"SemiT","Sept","pitfall","open",8,"open8",NA,NA,NA,97,0,2,0,1,100,15,"herb",TRUE,"","SemiTSeptopen8",0,0
"549",495,"SemiT","Sept","pitfall","shrub",10,"shrub10",230,200,120,80,0,0,0,20,100,15,"grass",TRUE,"","SemiTSeptshrub10",0,0
"558",494,"SemiT","Sept","pitfall","shrub",9,"shrub9",250,220,130,90,0,0,0,10,100,24,"grass",TRUE,"","SemiTSeptshrub9",0,0
"595",570,"SiCr","Sept","pitfall","open",1,"open1",NA,NA,NA,20,0,0,1,79,100,10,"grass",TRUE,"","SiCrSeptopen1",0,0
"615",40,"CaSl","July","pitfall","open",17,"open5",NA,NA,NA,60,0,0,0,40,100,16,"grass",TRUE,"","CaSlJulyopen5",0,0
"616",46,"Lok","July","pitfall","shrub",1,"shrub1",200,190,100,25,0,0,1,74,100,10,"Grass",TRUE,"","LokJulyshrub1",0,0
"617",64,"Lok","July","pitfall","open",7,"open7",NA,NA,NA,3,0,0,1,96,100,7,"Grass",TRUE,"","LokJulyopen7",0,0
"618",68,"Lok","July","pitfall","open",11,"open11",NA,NA,NA,20,4,0,1,75,100,18,"grass",TRUE,"","LokJulyopen11",0,0
"619",101,"Coal","July","pitfall","open",9,"shrub9",NA,NA,NA,90,0,10,0,0,100,20,"grass",TRUE,"","CoalJulyshrub9",0,0
"620",131,"Aven","July","pitfall","open",3,"open3",NA,NA,NA,65,0,0,0,35,100,34,"grass",TRUE,"","AvenJulyopen3",0,0
"621",140,"Aven","July","pitfall","open",12,"open12",NA,NA,NA,99,0,0,0,1,100,13,"grass",TRUE,"","AvenJulyopen12",0,0
"622",180,"PaPl","July","pitfall","open",7,"open7",NA,NA,NA,100,0,0,0,0,100,29,"grass",TRUE,"","PaPlJulyopen7",0,0
"623",339,"Aven","Aug","pitfall","shrub",12,"shrub12",230,170,155,100,0,0,0,0,100,20,"grass",TRUE,"","AvenAugshrub12",0,0
"624",373,"PaPl","Aug","pitfall","shrub",8,"shrub8",250,190,110,95,5,0,0,0,100,23,"grass",TRUE,"","PaPlAugshrub8",0,0
"625",496,"SemiT","Sept","pitfall","shrub",11,"shrub11",220,180,110,25,0,1,0,74,100,14,"grass",TRUE,"","SemiTSeptshrub11",0,0
"626",568,"SiCr","Sept","pitfall","shrub",11,"shrub11",570,550,250,30,0,0,0,70,100,21,"grass",TRUE,"","SiCrSeptshrub11",0,0
