"","Site","month","Method","Microsite","Rep","field.micro","shrub.x","shrub.y","shrub.z","dry.veg.percent","green.veg.percent","woody.debris.percent","rocks.percent","bare.ground.percent","sum_percent","veg..height","dominant.type","dried.","notes","uniID","abun","H","Simpson","Species","Even"
"AvenAugopen1","Aven","Aug","pitfall","open",1,"open1",NA,NA,NA,100,0,0,0,0,100,25,"grass",TRUE,"","AvenAugopen1",6,0.636514168294813,0.444444444444444,2,0.918295834054489
"AvenAugopen10","Aven","Aug","pitfall","open",10,"open10",NA,NA,NA,100,0,0,0,0,100,29,"grass",TRUE,"","AvenAugopen10",9,0,0,1,NA
"AvenAugopen11","Aven","Aug","pitfall","open",11,"open11",NA,NA,NA,100,0,0,0,0,100,33,"grass",TRUE,"","AvenAugopen11",8,0.562335144618808,0.375,2,0.811278124459133
"AvenAugopen12","Aven","Aug","pitfall","open",12,"open12",NA,NA,NA,16,0,0,6,78,100,10,"herb",TRUE,"","AvenAugopen12",2,0,0,1,NA
"AvenAugopen2","Aven","Aug","pitfall","open",2,"open2",NA,NA,NA,90,0,10,0,0,100,56,"grass",TRUE,"","AvenAugopen2",13,0.690185676018804,0.497041420118343,2,0.995727452084926
"AvenAugopen3","Aven","Aug","pitfall","open",3,"open3",NA,NA,NA,97,0,0,0,3,100,50,"grass",TRUE,"","AvenAugopen3",1,0,0,1,NA
"AvenAugopen4","Aven","Aug","pitfall","open",4,"open4",NA,NA,NA,3,0,0,12,85,100,9,"grass",TRUE,"","AvenAugopen4",4,0.562335144618808,0.375,2,0.811278124459133
"AvenAugopen5","Aven","Aug","pitfall","open",5,"open5",NA,NA,NA,0,0,3,15,82,100,NA,NA,NA,"","AvenAugopen5",6,0.450561208866305,0.277777777777778,2,0.650022421648354
"AvenAugopen6","Aven","Aug","pitfall","open",6,"open6",NA,NA,NA,0,0,0,6,94,100,NA,NA,NA,"","AvenAugopen6",9,0.529706199057654,0.345679012345679,2,0.76420450650862
"AvenAugopen7","Aven","Aug","pitfall","open",7,"open7",NA,NA,NA,19,4,0,7,70,100,9,"herb",TRUE,"","AvenAugopen7",8,0.661563238157982,0.46875,2,0.954434002924965
"AvenAugopen8","Aven","Aug","pitfall","open",8,"open8",NA,NA,NA,16,0,5,0,79,100,11,"herb",TRUE,"","AvenAugopen8",18,0.214559155176405,0.104938271604938,2,0.309543429150325
"AvenAugopen9","Aven","Aug","pitfall","open",9,"open9",NA,NA,NA,96,0,0,0,4,100,8,"herb",TRUE,"","AvenAugopen9",12,0.562335144618808,0.375,2,0.811278124459133
"AvenAugshrub1","Aven","Aug","pitfall","shrub",1,"shrub1",305,190,150,100,0,0,0,0,100,49,"grass",TRUE,"","AvenAugshrub1",1,0,0,1,NA
"AvenAugshrub10","Aven","Aug","pitfall","shrub",10,"shrub10",300,230,165,95,0,5,0,0,100,33,"grass",TRUE,"","AvenAugshrub10",1,0,0,1,NA
"AvenAugshrub2","Aven","Aug","pitfall","shrub",2,"shrub2",130,115,120,100,0,0,0,0,100,32,"grass",TRUE,"","AvenAugshrub2",3,0,0,1,NA
"AvenAugshrub3","Aven","Aug","pitfall","shrub",3,"shrub3",215,170,105,100,0,0,0,0,100,33,"grass",TRUE,"","AvenAugshrub3",6,0,0,1,NA
"AvenAugshrub5","Aven","Aug","pitfall","shrub",5,"shrub5",360,235,160,38,0,4,0,58,100,36,"grass",TRUE,"","AvenAugshrub5",11,0,0,1,NA
"AvenAugshrub6","Aven","Aug","pitfall","shrub",6,"shrub6",290,210,95,89,0,4,3,4,100,24,"grass",TRUE,"","AvenAugshrub6",40,0,0,1,NA
"AvenAugshrub7","Aven","Aug","pitfall","shrub",7,"shrub7",200,160,145,100,0,0,0,0,100,27,"grass",TRUE,"","AvenAugshrub7",23,0.462036909466457,0.287334593572779,2,0.66657835799492
"AvenAugshrub8","Aven","Aug","pitfall","shrub",8,"shrub8",385,220,145,80,0,20,0,0,100,28,"grass",TRUE,"","AvenAugshrub8",18,0.348832095843032,0.197530864197531,2,0.503258334775646
"AvenAugshrub9","Aven","Aug","pitfall","shrub",9,"shrub9",370,285,160,100,0,0,0,0,100,42,"grass",TRUE,"","AvenAugshrub9",15,0,0,1,NA
"AvenJulyopen10","Aven","July","pitfall","open",10,"open10",NA,NA,NA,93,0,2,0,5,100,25,"grass",TRUE,"","AvenJulyopen10",21,0,0,1,NA
"AvenJulyopen11","Aven","July","pitfall","open",11,"open11",NA,NA,NA,3,0,0,1,96,100,10,"grass",TRUE,"","AvenJulyopen11",34,0.298435812703107,0.160899653979239,2,0.430551867010439
"AvenJulyopen2","Aven","July","pitfall","open",2,"open2",NA,NA,NA,100,0,0,0,0,100,23,"grass",TRUE,"","AvenJulyopen2",39,0,0,1,NA
"AvenJulyopen4","Aven","July","pitfall","open",4,"open4",NA,NA,NA,2,0,2,0,96,100,5,"grass",TRUE,"","AvenJulyopen4",2,0,0,1,NA
"AvenJulyopen5","Aven","July","pitfall","open",5,"open5",NA,NA,NA,73,0,12,0,15,100,19,"grass",TRUE,"","AvenJulyopen5",2,0,0,1,NA
"AvenJulyopen6","Aven","July","pitfall","open",6,"open6",NA,NA,NA,2,0,0,0,98,100,6,"grass",TRUE,"","AvenJulyopen6",12,0.636514168294813,0.444444444444444,2,0.918295834054489
"AvenJulyopen7","Aven","July","pitfall","open",7,"open7",NA,NA,NA,0,0,12,0,88,100,0,"grass",TRUE,"","AvenJulyopen7",1,0,0,1,NA
"AvenJulyopen8","Aven","July","pitfall","open",8,"open8",NA,NA,NA,0,0,1,1,98,100,0,"grass",TRUE,"","AvenJulyopen8",2,0.693147180559945,0.5,2,1
"AvenJulyopen9","Aven","July","pitfall","open",9,"open9",NA,NA,NA,96,0,4,0,0,100,32,"grass",TRUE,"","AvenJulyopen9",5,0,0,1,NA
"AvenJulyshrub11","Aven","July","pitfall","shrub",11,"shrub11",200,125,125,10,0,0,8,82,100,7,"grass",TRUE,"","AvenJulyshrub11",1,0,0,1,NA
"AvenJulyshrub12","Aven","July","pitfall","shrub",12,"shrub12",70,55,90,95,0,0,0,5,100,21,"grass",TRUE,"","AvenJulyshrub12",41,0.114665282202907,0.0475907198096372,2,0.165427033996267
"AvenJulyshrub2","Aven","July","pitfall","shrub",2,"shrub2",270,140,135,50,0,1,0,49,100,18,"grass",TRUE,"","AvenJulyshrub2",3,0.636514168294813,0.444444444444444,2,0.918295834054489
"AvenJulyshrub3","Aven","July","pitfall","shrub",3,"shrub3",120,65,110,99,0,1,0,0,100,36,"grass",TRUE,"","AvenJulyshrub3",2,0,0,1,NA
"AvenJulyshrub5","Aven","July","pitfall","shrub",5,"shrub5",130,65,115,98,0,0,0,2,100,18,"grass",TRUE,"","AvenJulyshrub5",4,0,0,1,NA
"AvenJulyshrub6","Aven","July","pitfall","shrub",6,"shrub6",160,150,85,100,0,0,0,0,100,38,"grass",TRUE,"","AvenJulyshrub6",15,0,0,1,NA
"AvenJulyshrub7","Aven","July","pitfall","shrub",7,"shrub7",255,240,110,3,0,4,0,93,100,10,"grass",TRUE,"small amount of broken glass","AvenJulyshrub7",16,0,0,1,NA
"AvenJulyshrub8","Aven","July","pitfall","shrub",8,"shrub8",165,150,140,3,0,2,1,94,100,5,"grass",TRUE,"","AvenJulyshrub8",7,0.410116318288409,0.244897959183674,2,0.591672778582327
"AvenJulyshrub9","Aven","July","pitfall","shrub",9,"shrub9",125,105,125,96,0,3,0,1,100,37,"grass",TRUE,"","AvenJulyshrub9",3,0,0,1,NA
"CaSAugopen1","CaS","Aug","pitfall","open",1,"open1",NA,NA,NA,45,0,0,35,20,100,6,"herb",TRUE,"","CaSAugopen1",164,0.467836759988177,0.211481261154075,5,0.290683322651835
"CaSAugopen11","CaS","Aug","pitfall","open",11,"open11",NA,NA,NA,41,0,0,1,58,100,10,"herb",TRUE,"","CaSAugopen11",41,1.08619827863757,0.5901249256395,5,0.674892936376036
"CaSAugopen12","CaS","Aug","pitfall","open",12,"open12",NA,NA,NA,36,0,0,4,60,100,8,"herb",TRUE,"","CaSAugopen12",116,0.0495626500565908,0.0170927467300832,2,0.0715037894499587
"CaSAugopen2","CaS","Aug","pitfall","open",2,"open2",NA,NA,NA,30,0,0,2,68,100,6,"herb",TRUE,"","CaSAugopen2",13,0.271189373041844,0.142011834319526,2,0.391243563629256
"CaSAugopen3","CaS","Aug","pitfall","open",3,"open3",NA,NA,NA,49,0,0,1,50,100,7,"herb",TRUE,"","CaSAugopen3",3,0.636514168294813,0.444444444444444,2,0.918295834054489
"CaSAugopen4","CaS","Aug","pitfall","open",4,"open4",NA,NA,NA,16,0,0,1,83,100,8,"herb",TRUE,"","CaSAugopen4",29,0,0,1,NA
"CaSAugopen5","CaS","Aug","pitfall","open",5,"open5",NA,NA,NA,23,0,6,2,69,100,4,"grass",TRUE,"","CaSAugopen5",27,1.00854079727819,0.545953360768175,4,0.727508403383723
"CaSAugopen7","CaS","Aug","pitfall","open",7,"open7",NA,NA,NA,38,0,0,2,60,100,6,"grass",TRUE,"","CaSAugopen7",43,0.783044125681171,0.518117901568415,3,0.712757479374717
"CaSAugopen8","CaS","Aug","pitfall","open",8,"open8",NA,NA,NA,52,0,0,3,45,100,10,"grass",TRUE,"","CaSAugopen8",54,0.814444235733395,0.52400548696845,3,0.741339091264651
"CaSAugopen9","CaS","Aug","pitfall","open",9,"open9",NA,NA,NA,48,0,0,1,51,100,4,"grass",TRUE,"","CaSAugopen9",20,1.07004731469048,0.595,4,0.771875977210251
"CaSAugshrub1","CaS","Aug","pitfall","shrub",1,"shrub1",330,320,155,98,0,0,2,0,100,38,"grass",TRUE,"","CaSAugshrub1",133,0.591240939133419,0.401605517553282,2,0.852980370858316
"CaSAugshrub10","CaS","Aug","pitfall","shrub",10,"shrub10",990,340,140,25,0,35,0,40,100,22,"herb",TRUE,"6 shrubs very close together","CaSAugshrub10",40,0.325082973391448,0.18,2,0.468995593589281
"CaSAugshrub11","CaS","Aug","pitfall","shrub",11,"shrub11",475,445,170,97,0,1,0,2,100,43,"grass",TRUE,"","CaSAugshrub11",278,0.579429402750606,0.390663009161017,2,0.835939925893553
"CaSAugshrub12","CaS","Aug","pitfall","shrub",12,"shrub12",500,480,155,81,5,4,4,6,100,30,"grass",TRUE,"","CaSAugshrub12",19,0.623654849568108,0.43213296398892,2,0.899743758698263
"CaSAugshrub2","CaS","Aug","pitfall","shrub",2,"shrub2",265,240,130,97,0,2,0,1,100,17,"grass",TRUE,"","CaSAugshrub2",79,0.161453286292775,0.0730652139080274,2,0.232927855469812
"CaSAugshrub3","CaS","Aug","pitfall","shrub",3,"shrub3",350,300,150,70,0,30,0,0,100,22,"grass",TRUE,"mushroom","CaSAugshrub3",84,0.176808752538701,0.0694444444444444,3,0.160938262171683
"CaSAugshrub4","CaS","Aug","pitfall","shrub",4,"shrub4",215,195,95,20,0,30,0,50,100,8,"herb",TRUE,"","CaSAugshrub4",35,0.90827821409901,0.550204081632653,4,0.655184237614063
"CaSAugshrub5","CaS","Aug","pitfall","shrub",5,"shrub5",600,500,190,100,0,0,0,0,100,35,"grass",TRUE,"3 big shrubs","CaSAugshrub5",170,0.526940707706162,0.322283737024221,3,0.479642102260655
"CaSAugshrub6","CaS","Aug","pitfall","shrub",6,"shrub6",335,245,140,80,0,1,0,19,100,17,"grass",TRUE,"","CaSAugshrub6",121,0.600513213258467,0.362816747489926,3,0.546610682815584
"CaSAugshrub7","CaS","Aug","pitfall","shrub",7,"shrub7",330,260,155,91,0,0,0,9,100,41,"grass",TRUE,"","CaSAugshrub7",385,0.172865720763652,0.0796626749873504,2,0.249392518085417
"CaSAugshrub8","CaS","Aug","pitfall","shrub",8,"shrub8",435,360,120,85,0,4,0,11,100,31,"grass",TRUE,"","CaSAugshrub8",86,0.542348942243927,0.356949702541915,2,0.782444129406689
"CaSAugshrub9","CaS","Aug","pitfall","shrub",9,"shrub9",340,235,115,89,0,3,0,8,100,24,"grass",TRUE,"","CaSAugshrub9",27,0.607693423870957,0.417009602194787,2,0.876716288999464
"CaSJulyopen1","CaS","July","pitfall","open",1,"open1",NA,NA,NA,77,0,0,3,20,100,12,"grass",TRUE,"","CaSJulyopen1",1,0,0,1,NA
"CaSJulyopen10","CaS","July","pitfall","open",10,"open10",NA,NA,NA,0,0,1,2,97,100,0,"grass",TRUE,"","CaSJulyopen10",12,0.286835983056161,0.152777777777778,2,0.413816850303634
"CaSJulyopen11","CaS","July","pitfall","open",11,"open11",NA,NA,NA,1,0,2,1,96,100,5,"grass",TRUE,"","CaSJulyopen11",10,0.801818552543337,0.46,3,0.729846699162098
"CaSJulyopen2","CaS","July","pitfall","open",2,"open2",NA,NA,NA,2,7,1,4,86,100,35,"herb",TRUE,"","CaSJulyopen2",15,1.06060180561246,0.64,3,0.965401367299709
"CaSJulyopen3","CaS","July","pitfall","open",3,"open3",NA,NA,NA,1,2,0,4,93,100,2,"herb",TRUE,"","CaSJulyopen3",11,1.2945451658449,0.710743801652893,4,0.933816945485606
"CaSJulyopen4","CaS","July","pitfall","open",4,"open4",NA,NA,NA,2,2,1,1,94,100,7,"herb",TRUE,"","CaSJulyopen4",51,0.443757284260148,0.214532871972318,3,0.403925287234983
"CaSJulyopen5","CaS","July","pitfall","open",5,"open5",NA,NA,NA,1,2,0,2,95,100,13,"grass",TRUE,"","CaSJulyopen5",43,0.585059805725709,0.31584640346133,3,0.532544385094217
"CaSJulyopen6","CaS","July","pitfall","open",6,"open6",NA,NA,NA,50,0,0,1,49,100,19,"grass",TRUE,"","CaSJulyopen6",16,0.233791658706459,0.1171875,2,0.337290066617014
"CaSJulyopen7","CaS","July","pitfall","open",7,"open7",NA,NA,NA,70,0,0,0,30,100,8,"grass",TRUE,"","CaSJulyopen7",3,0,0,1,NA
"CaSJulyopen8","CaS","July","pitfall","open",8,"open8",NA,NA,NA,10,0,1,5,84,100,14,"grass",TRUE,"","CaSJulyopen8",15,0.860851390631232,0.497777777777778,3,0.78358070404881
"CaSJulyopen9","CaS","July","pitfall","open",9,"open9",NA,NA,NA,3,0,0,2,95,100,1,"grass",TRUE,"","CaSJulyopen9",3,1.09861228866811,0.666666666666667,3,1
"CaSJulyshrub1","CaS","July","pitfall","shrub",1,"shrub1",350,325,126,91,0,3,1,5,100,26,"Grass",TRUE,"3 or 4 stems for one big bush","CaSJulyshrub1",55,0.702449737654435,0.451570247933884,3,0.639397305946798
"CaSJulyshrub10","CaS","July","pitfall","shrub",10,"shrub10",470,430,165,88,0,10,1,1,100,8,"Grass",TRUE,"Grasshoppers mating (?) in bush","CaSJulyshrub10",8,0,0,1,NA
"CaSJulyshrub11","CaS","July","pitfall","shrub",11,"shrub11",250,210,100,60,2,3,2,33,100,22,"Grass",TRUE,"","CaSJulyshrub11",8,0.376770161256437,0.21875,2,0.543564443199596
"CaSJulyshrub12","CaS","July","pitfall","shrub",12,"shrub12",315,315,140,90,1,0,2,7,100,37,"Grass",TRUE,"","CaSJulyshrub12",2,0.693147180559945,0.5,2,1
"CaSJulyshrub2","CaS","July","pitfall","shrub",2,"shrub2",610,500,160,96,0,3,1,0,100,24,"Grass",TRUE,"","CaSJulyshrub2",24,0.456334432293288,0.225694444444444,3,0.41537350073384
"CaSJulyshrub3","CaS","July","pitfall","shrub",3,"shrub3",325,255,155,99,0,0,1,0,100,33,"Grass",TRUE,"","CaSJulyshrub3",129,0.654197623060639,0.330629168920137,4,0.471903833275466
"CaSJulyshrub4","CaS","July","pitfall","shrub",4,"shrub4",285,250,120,83,0,6,1,10,100,31,"Grass",TRUE,"","CaSJulyshrub4",40,1.00375934613588,0.5875,4,0.724059315458089
"CaSJulyshrub6","CaS","July","pitfall","shrub",6,"shrub6",295,275,150,91,0,0,1,8,100,33,"Grass",TRUE,"","CaSJulyshrub6",37,0.546456422248576,0.283418553688824,3,0.497406071172812
"CaSJulyshrub7","CaS","July","pitfall","shrub",7,"shrub7",365,360,170,74,0,10,1,15,100,25,"Grass",TRUE,"","CaSJulyshrub7",91,0.710434541737035,0.476029465040454,3,0.64666538783971
"CaSJulyshrub8","CaS","July","pitfall","shrub",8,"shrub8",390,365,185,90,0,1,1,8,100,28,"Grass",TRUE,"","CaSJulyshrub8",5,1.33217904021012,0.72,4,0.960964047443681
"CaSJulyshrub9","CaS","July","pitfall","shrub",9,"shrub9",320,315,160,94,0,0,1,5,100,29,"Grass",TRUE,"","CaSJulyshrub9",30,0.291139838831965,0.126666666666667,3,0.26500690173867
"CaSlAugopen1","CaSl","Aug","pitfall","open",13,"open1",NA,NA,NA,62,3,0,0,35,100,10,"grass",TRUE,"","CaSlAugopen1",26,0.693147180559945,0.5,2,1
"CaSlAugopen10","CaSl","Aug","pitfall","open",22,"open10",NA,NA,NA,94,0,5,0,1,100,16,"grass",TRUE,"","CaSlAugopen10",29,0.771502808594518,0.435196195005945,3,0.702252119835507
"CaSlAugopen11","CaSl","Aug","pitfall","open",23,"open11",NA,NA,NA,85,0,0,0,15,100,12,"herb",TRUE,"","CaSlAugopen11",66,0.135793958751594,0.0587695133149677,2,0.195909270873605
"CaSlAugopen12","CaSl","Aug","pitfall","open",24,"open12",NA,NA,NA,93,0,0,0,7,100,14,"grass",TRUE,"","CaSlAugopen12",51,0.963092154134341,0.587466359092657,3,0.876644257549617
"CaSlAugopen2","CaSl","Aug","pitfall","open",14,"open2",NA,NA,NA,11,0,0,0,89,100,1,"grass",TRUE,"","CaSlAugopen2",8,0.562335144618808,0.375,2,0.811278124459133
"CaSlAugopen3","CaSl","Aug","pitfall","open",15,"open3",NA,NA,NA,70,4,0,0,26,100,6,"grass",TRUE,"","CaSlAugopen3",34,0.417573211916801,0.250865051903114,2,0.602430802040445
"CaSlAugopen4","CaSl","Aug","pitfall","open",16,"open4",NA,NA,NA,99,0,1,0,0,100,67,"grass",TRUE,"","CaSlAugopen4",17,0.545594573969184,0.359861591695502,2,0.787126586201269
"CaSlAugopen5","CaSl","Aug","pitfall","open",17,"open5",NA,NA,NA,50,0,0,0,50,100,11,"grass",TRUE,"","CaSlAugopen5",19,0.336495757583516,0.188365650969529,2,0.485460760745913
"CaSlAugopen6","CaSl","Aug","pitfall","open",18,"open6",NA,NA,NA,40,0,0,0,60,100,10,"herb",TRUE,"","CaSlAugopen6",34,0,0,1,NA
"CaSlAugopen7","CaSl","Aug","pitfall","open",19,"open7",NA,NA,NA,95,0,0,0,5,100,2,"grass",TRUE,"","CaSlAugopen7",49,0.230323540875878,0.114952103290296,2,0.332286630221615
"CaSlAugopen8","CaSl","Aug","pitfall","open",20,"open8",NA,NA,NA,80,0,6,0,14,100,8,"grass",TRUE,"","CaSlAugopen8",10,0.801818552543337,0.46,3,0.729846699162098
"CaSlAugopen9","CaSl","Aug","pitfall","open",21,"open9",NA,NA,NA,75,0,0,0,25,100,4,"grass",TRUE,"","CaSlAugopen9",80,0,0,1,NA
"CaSlAugshrub1","CaSl","Aug","pitfall","open",1,"shrub1",NA,NA,NA,92,0,0,0,8,100,13,"herb",TRUE,"","CaSlAugshrub1",22,0,0,1,NA
"CaSlAugshrub10","CaSl","Aug","pitfall","open",10,"shrub10",NA,NA,NA,94,0,0,1,5,100,3,"grass",TRUE,"","CaSlAugshrub10",5,0,0,1,NA
"CaSlAugshrub11","CaSl","Aug","pitfall","open",11,"shrub11",NA,NA,NA,95,0,0,0,5,100,66,"grass",TRUE,"","CaSlAugshrub11",16,0.482577565177012,0.3046875,2,0.696212260125146
"CaSlAugshrub12","CaSl","Aug","pitfall","open",12,"shrub12",NA,NA,NA,99,0,1,0,0,100,44,"grass",TRUE,"","CaSlAugshrub12",52,0.585783128918734,0.322485207100592,3,0.533202782238038
"CaSlAugshrub2","CaSl","Aug","pitfall","open",2,"shrub2",NA,NA,NA,82,3,0,0,15,100,22,"grass",TRUE,"","CaSlAugshrub2",23,0.582584245216013,0.302457466918715,3,0.530291032810403
"CaSlAugshrub3","CaSl","Aug","pitfall","open",3,"shrub3",NA,NA,NA,95,0,2,0,3,100,8,"grass",TRUE,"","CaSlAugshrub3",55,0.156210171061883,0.0700826446280991,2,0.225363639127395
"CaSlAugshrub4","CaSl","Aug","pitfall","open",4,"shrub4",NA,NA,NA,49,0,0,0,51,100,15,"grass",TRUE,"","CaSlAugshrub4",79,0.0678872387735005,0.0249959942316935,2,0.0979405827181741
"CaSlAugshrub5","CaSl","Aug","pitfall","open",5,"shrub5",NA,NA,NA,2,0,0,0,98,100,1,"grass",TRUE,"","CaSlAugshrub5",44,0.304636097349238,0.165289256198347,2,0.439496986921513
"CaSlAugshrub6","CaSl","Aug","pitfall","open",6,"shrub6",NA,NA,NA,90,0,0,0,10,100,12,"grass",TRUE,"","CaSlAugshrub6",22,0.184907399167776,0.0867768595041321,2,0.266764987803026
"CaSlAugshrub7","CaSl","Aug","pitfall","open",7,"shrub7",NA,NA,NA,15,0,0,0,85,100,3,"grass",TRUE,"","CaSlAugshrub7",10,0.801818552543337,0.46,3,0.729846699162098
"CaSlAugshrub8","CaSl","Aug","pitfall","open",8,"shrub8",NA,NA,NA,60,0,1,0,39,100,6,"grass",TRUE,"","CaSlAugshrub8",523,0.0277539846127161,0.00762624803951306,3,0.0252627654896918
"CaSlAugshrub9","CaSl","Aug","pitfall","open",9,"shrub9",NA,NA,NA,59,0,0,1,40,100,7,"grass",TRUE,"","CaSlAugshrub9",138,0,0,1,NA
"CaSlJulyopen1","CaSl","July","pitfall","open",13,"open1",NA,NA,NA,80,0,0,0,20,100,13,"grass",TRUE,"","CaSlJulyopen1",69,0.221347809123405,0.109220751942869,2,0.319337386533973
"CaSlJulyopen10","CaSl","July","pitfall","open",22,"open10",NA,NA,NA,55,5,1,1,38,100,9,"grass",TRUE,"","CaSlJulyopen10",38,0.121692402678062,0.0512465373961217,2,0.175565025857503
"CaSlJulyopen11","CaSl","July","pitfall","open",23,"open11",NA,NA,NA,40,0,1,1,58,100,6,"Grass",TRUE,"","CaSlJulyopen11",3,0,0,1,NA
"CaSlJulyopen12","CaSl","July","pitfall","open",24,"open12",NA,NA,NA,50,0,0,0,50,100,5,"Grass",TRUE,"","CaSlJulyopen12",4,1.03972077083992,0.625,3,0.946394630357186
"CaSlJulyopen2","CaSl","July","pitfall","open",14,"open2",NA,NA,NA,5,0,0,1,94,100,8,"grass",TRUE,"","CaSlJulyopen2",63,0.410116318288409,0.244897959183674,2,0.591672778582327
"CaSlJulyopen3","CaSl","July","pitfall","open",15,"open3",NA,NA,NA,95,0,0,0,5,100,8,"grass",TRUE,"","CaSlJulyopen3",17,0.649248354870898,0.456747404844291,2,0.936667381877562
"CaSlJulyopen4","CaSl","July","pitfall","open",16,"open4",NA,NA,NA,25,0,0,0,75,100,12,"grass",TRUE,"","CaSlJulyopen4",13,1.2852930241201,0.710059171597633,4,0.927142935993623
"CaSlJulyopen6","CaSl","July","pitfall","open",18,"open6",NA,NA,NA,100,0,0,0,0,100,7,"grass",TRUE,"","CaSlJulyopen6",39,0.636514168294813,0.444444444444444,2,0.918295834054489
"CaSlJulyopen7","CaSl","July","pitfall","open",19,"open7",NA,NA,NA,30,2,0,1,67,100,4,"grass",TRUE,"","CaSlJulyopen7",30,0.533961612789336,0.286666666666667,3,0.486032805473784
"CaSlJulyopen8","CaSl","July","pitfall","open",20,"open8",NA,NA,NA,10,1,0,0,89,100,3,"grass",TRUE,"","CaSlJulyopen8",13,0.540204142388861,0.355029585798816,2,0.779349837292085
"CaSlJulyopen9","CaSl","July","pitfall","open",21,"open9",NA,NA,NA,70,0,0,0,30,100,2,"grass",TRUE,"","CaSlJulyopen9",17,0.578325286660127,0.304498269896194,3,0.526414361668258
"CaSlJulyshrub1","CaSl","July","pitfall","open",1,"shrub1",NA,NA,NA,30,0,0,1,69,100,9,"grass",TRUE,"","CaSlJulyshrub1",22,0.585952618303551,0.396694214876033,2,0.845350936622436
"CaSlJulyshrub11","CaSl","July","pitfall","open",11,"shrub11",NA,NA,NA,72,3,0,0,25,100,9,"grass",TRUE,"","CaSlJulyshrub11",91,0,0,1,NA
"CaSlJulyshrub12","CaSl","July","pitfall","open",12,"shrub12",NA,NA,NA,0,6,0,1,93,100,7,"grass",TRUE,"","CaSlJulyshrub12",361,0,0,1,NA
"CaSlJulyshrub2","CaSl","July","pitfall","open",2,"shrub2",NA,NA,NA,10,0,0,0,90,100,7,"grass",TRUE,"","CaSlJulyshrub2",32,1.04033273999597,0.57421875,4,0.75044144243331
"CaSlJulyshrub3","CaSl","July","pitfall","open",3,"shrub3",NA,NA,NA,10,0,0,1,89,100,7,"grass",TRUE,"","CaSlJulyshrub3",6,1.01140426470735,0.611111111111111,3,0.920619835714305
"CaSlJulyshrub4","CaSl","July","pitfall","open",4,"shrub4",NA,NA,NA,6,0,0,5,89,100,4,"grass",TRUE,"","CaSlJulyshrub4",5,0.673011667009257,0.48,2,0.970950594454669
"CaSlJulyshrub5","CaSl","July","pitfall","open",5,"shrub5",NA,NA,NA,60,0,0,0,40,100,5,"grass",TRUE,"","CaSlJulyshrub5",21,0.380506218477596,0.17687074829932,3,0.346351686033749
"CaSlJulyshrub6","CaSl","July","pitfall","open",6,"shrub6",NA,NA,NA,25,0,0,1,74,100,7,"grass",TRUE,"","CaSlJulyshrub6",36,0.676720251981651,0.368827160493827,3,0.615977318806496
"CaSlJulyshrub7","CaSl","July","pitfall","open",7,"shrub7",NA,NA,NA,25,0,0,1,74,100,10,"grass",TRUE,"","CaSlJulyshrub7",16,1.1573732982229,0.6171875,4,0.834868358901741
"CaSlJulyshrub8","CaSl","July","pitfall","open",8,"shrub8",NA,NA,NA,5,0,0,1,94,100,9,"grass",TRUE,"","CaSlJulyshrub8",14,0.410116318288409,0.244897959183674,2,0.591672778582327
"CaSlJulyshrub9","CaSl","July","pitfall","open",9,"shrub9",NA,NA,NA,96,0,3,1,0,100,13,"grass",TRUE,"","CaSlJulyshrub9",5,0.673011667009257,0.48,2,0.970950594454669
"CoalJulyopen1","Coal","July","pitfall","open",13,"open1",NA,NA,NA,90,10,0,0,0,100,13,"grass",TRUE,"","CoalJulyopen1",9,0,0,1,NA
"CoalJulyopen10","Coal","July","pitfall","open",22,"open10",NA,NA,NA,99,1,0,0,0,100,5,"grass",TRUE,"","CoalJulyopen10",12,0.450561208866305,0.277777777777778,2,0.650022421648354
"CoalJulyopen11","Coal","July","pitfall","open",23,"open11",NA,NA,NA,100,0,0,0,0,100,12,"grass",TRUE,"","CoalJulyopen11",4,1.03972077083992,0.625,3,0.946394630357186
"CoalJulyopen12","Coal","July","pitfall","open",24,"open12",NA,NA,NA,91,8,0,0,1,100,9,"grass",TRUE,"","CoalJulyopen12",2,0,0,1,NA
"CoalJulyopen3","Coal","July","pitfall","open",15,"open3",NA,NA,NA,98,2,0,0,0,100,5,"grass",TRUE,"","CoalJulyopen3",1,0,0,1,NA
"CoalJulyopen4","Coal","July","pitfall","open",16,"open4",NA,NA,NA,5,5,0,0,90,100,10,"herb",TRUE,"","CoalJulyopen4",18,0.900908873225472,0.537037037037037,3,0.820042596026009
"CoalJulyopen5","Coal","July","pitfall","open",17,"open5",NA,NA,NA,85,15,0,0,0,100,12,"grass",TRUE,"","CoalJulyopen5",18,0.529706199057654,0.345679012345679,2,0.76420450650862
"CoalJulyopen6","Coal","July","pitfall","open",18,"open6",NA,NA,NA,90,10,0,0,0,100,15,"grass",TRUE,"","CoalJulyopen6",33,0.369333121645653,0.213039485766759,2,0.532835063034223
"CoalJulyopen7","Coal","July","pitfall","open",19,"open7",NA,NA,NA,97,1,1,0,1,100,22,"grass",TRUE,"","CoalJulyopen7",31,0.142505867392738,0.0624349635796044,2,0.205592508185083
"CoalJulyopen8","Coal","July","pitfall","open",20,"open8",NA,NA,NA,98,2,0,0,0,100,8,"grass",TRUE,"","CoalJulyopen8",22,0,0,1,NA
"CoalJulyopen9","Coal","July","pitfall","open",21,"open9",NA,NA,NA,98,1,0,0,1,100,14,"grass",TRUE,"","CoalJulyopen9",4,0,0,1,NA
"CoalJulyshrub1","Coal","July","pitfall","open",1,"shrub1",NA,NA,NA,98,2,0,0,0,100,14,"grass",TRUE,"","CoalJulyshrub1",50,0,0,1,NA
"CoalJulyshrub10","Coal","July","pitfall","open",10,"shrub10",NA,NA,NA,3,2,1,0,94,100,5,"grass",TRUE,"","CoalJulyshrub10",113,0.177569164860868,0.0689169081368941,3,0.16163041929573
"CoalJulyshrub11","Coal","July","pitfall","open",11,"shrub11",NA,NA,NA,49,2,0,0,49,100,10,"grass",TRUE,"","CoalJulyshrub11",31,0.379534925581095,0.1789802289282,3,0.34546757713881
"CoalJulyshrub12","Coal","July","pitfall","open",12,"shrub12",NA,NA,NA,96,1,0,0,3,100,14,"grass",TRUE,"","CoalJulyshrub12",1,0,0,1,NA
"CoalJulyshrub2","Coal","July","pitfall","open",2,"shrub2",NA,NA,NA,100,0,0,0,0,100,26,"grass",TRUE,"","CoalJulyshrub2",2,0,0,1,NA
"CoalJulyshrub4","Coal","July","pitfall","open",4,"shrub4",NA,NA,NA,5,1,0,1,93,100,11,"grass",TRUE,"","CoalJulyshrub4",2,0,0,1,NA
"CoalJulyshrub5","Coal","July","pitfall","open",5,"shrub5",NA,NA,NA,97,3,0,0,0,100,27,"grass",TRUE,"","CoalJulyshrub5",1,0,0,1,NA
"CoalJulyshrub6","Coal","July","pitfall","open",6,"shrub6",NA,NA,NA,67,1,1,1,30,100,17,"herb",TRUE,"","CoalJulyshrub6",2,0.693147180559945,0.5,2,1
"CoalJulyshrub7","Coal","July","pitfall","open",7,"shrub7",NA,NA,NA,94,2,1,0,3,100,27,"grass",TRUE,"","CoalJulyshrub7",21,0.191444081957717,0.090702947845805,2,0.276195427647939
"CoalJulyshrub8","Coal","July","pitfall","open",8,"shrub8",NA,NA,NA,8,3,0,1,88,100,5,"grass",TRUE,"","CoalJulyshrub8",29,0.149994923610415,0.0665873959571937,2,0.216396932451265
"LokJulyopen10","Lok","July","pitfall","open",10,"open10",NA,NA,NA,65,0,0,0,35,100,14,"herb",TRUE,"","LokJulyopen10",2,0.693147180559945,0.5,2,1
"LokJulyopen12","Lok","July","pitfall","open",12,"open12",NA,NA,NA,25,0,0,1,74,100,10,"grass",TRUE,"","LokJulyopen12",4,0,0,1,NA
"LokJulyopen2","Lok","July","pitfall","open",2,"open2",NA,NA,NA,20,25,0,0,55,100,12,"Grass",TRUE,"","LokJulyopen2",21,1.01249471102676,0.607709750566893,3,0.921612402728759
"LokJulyopen3","Lok","July","pitfall","open",3,"open3",NA,NA,NA,3,10,0,0,87,100,13,"herb",TRUE,"","LokJulyopen3",17,0.465999256961043,0.290657439446367,2,0.672294817075638
"LokJulyopen4","Lok","July","pitfall","open",4,"open4",NA,NA,NA,8,2,0,0,90,100,13,"Grass",TRUE,"","LokJulyopen4",19,0.514653165428929,0.332409972299169,2,0.742487569542124
"LokJulyopen5","Lok","July","pitfall","open",5,"open5",NA,NA,NA,1,0,0,1,98,100,1,"Grass",TRUE,"","LokJulyopen5",1,0,0,1,NA
"LokJulyopen6","Lok","July","pitfall","open",6,"open6",NA,NA,NA,4,0,3,1,92,100,12,"Grass",TRUE,"","LokJulyopen6",1,0,0,1,NA
"LokJulyshrub10","Lok","July","pitfall","shrub",10,"shrub10",180,140,100,45,0,0,3,52,100,14,"Grass",TRUE,"","LokJulyshrub10",1,0,0,1,NA
"LokJulyshrub11","Lok","July","pitfall","shrub",11,"shrub11",220,170,120,15,0,0,5,80,100,18,"Grass",TRUE,"","LokJulyshrub11",3,0.636514168294813,0.444444444444444,2,0.918295834054489
"LokJulyshrub12","Lok","July","pitfall","shrub",12,"shrub12",770,670,160,100,0,0,0,0,100,23,"Grass",TRUE,"","LokJulyshrub12",32,0,0,1,NA
"LokJulyshrub2","Lok","July","pitfall","shrub",2,"shrub2",310,190,115,95,0,5,0,0,100,30,"Grass",TRUE,"","LokJulyshrub2",5,0.500402423538188,0.32,2,0.721928094887362
"LokJulyshrub3","Lok","July","pitfall","shrub",3,"shrub3",290,280,125,70,0,0,0,30,100,10,"Grass",TRUE,"","LokJulyshrub3",4,0.693147180559945,0.5,2,1
"LokJulyshrub4","Lok","July","pitfall","shrub",4,"shrub4",110,105,85,70,0,15,0,15,100,23,"Grass",TRUE,"","LokJulyshrub4",2,0.693147180559945,0.5,2,1
"LokJulyshrub5","Lok","July","pitfall","shrub",5,"shrub5",140,135,120,35,0,0,0,65,100,13,"Grass",TRUE,"","LokJulyshrub5",2,0.693147180559945,0.5,2,1
"LokJulyshrub7","Lok","July","pitfall","shrub",7,"shrub7",160,140,85,13,0,2,0,85,100,29,"Grass",TRUE,"","LokJulyshrub7",1,0,0,1,NA
"LokJulyshrub9","Lok","July","pitfall","shrub",9,"shrub9",310,210,130,94,0,1,0,5,100,27,"Grass",TRUE,"","LokJulyshrub9",1,0,0,1,NA
"MovAugopen1","Mov","Aug","pitfall","open",13,"open1",NA,NA,NA,50,0,0,0,50,100,15,"grass",TRUE,"","MovAugopen1",2,0.693147180559945,0.5,2,1
"MovAugopen10","Mov","Aug","pitfall","open",22,"open10",NA,NA,NA,95,0,0,0,5,100,15,"grass",TRUE,"","MovAugopen10",10,0,0,1,NA
"MovAugopen12","Mov","Aug","pitfall","open",24,"open12",NA,NA,NA,90,0,0,0,10,100,14,"grass",TRUE,"","MovAugopen12",4,0,0,1,NA
"MovAugopen2","Mov","Aug","pitfall","open",14,"open2",NA,NA,NA,80,0,0,0,20,100,15,"grass",TRUE,"cow dung","MovAugopen2",1,0,0,1,NA
"MovAugopen3","Mov","Aug","pitfall","open",15,"open3",NA,NA,NA,90,0,0,0,10,100,8,"grass",TRUE,"cow dung","MovAugopen3",18,0,0,1,NA
"MovAugopen4","Mov","Aug","pitfall","open",16,"open4",NA,NA,NA,50,0,0,0,50,100,5,"grass",TRUE,"","MovAugopen4",43,0,0,1,NA
"MovAugopen5","Mov","Aug","pitfall","open",17,"open5",NA,NA,NA,40,0,0,0,60,100,13,"grass",TRUE,"","MovAugopen5",5,0,0,1,NA
"MovAugopen6","Mov","Aug","pitfall","open",18,"open6",NA,NA,NA,50,0,0,0,50,100,10,"grass",TRUE,"","MovAugopen6",7,0,0,1,NA
"MovAugopen8","Mov","Aug","pitfall","open",20,"open8",NA,NA,NA,85,0,0,0,15,100,8,"grass",TRUE,"cow dung","MovAugopen8",16,0,0,1,NA
"MovAugopen9","Mov","Aug","pitfall","open",21,"open9",NA,NA,NA,80,0,0,0,20,100,13,"grass",TRUE,"","MovAugopen9",8,0.376770161256437,0.21875,2,0.543564443199596
"MovAugshrub1","Mov","Aug","pitfall","open",1,"shrub1",NA,NA,NA,90,0,0,0,10,100,14,"grass",TRUE,"","MovAugshrub1",1,0,0,1,NA
"MovAugshrub10","Mov","Aug","pitfall","open",10,"shrub10",NA,NA,NA,75,0,0,0,25,100,19,"grass",TRUE,"cow dung","MovAugshrub10",9,0,0,1,NA
"MovAugshrub11","Mov","Aug","pitfall","open",11,"shrub11",NA,NA,NA,70,0,0,0,30,100,10,"grass",TRUE,"","MovAugshrub11",78,0.30194418164702,0.163379355687048,2,0.435613373487432
"MovAugshrub12","Mov","Aug","pitfall","open",12,"shrub12",NA,NA,NA,65,0,0,0,35,100,10,"grass",TRUE,"cow dung","MovAugshrub12",150,0,0,1,NA
"MovAugshrub2","Mov","Aug","pitfall","open",2,"shrub2",NA,NA,NA,92,0,0,0,8,100,27,"grass",TRUE,"","MovAugshrub2",1,0,0,1,NA
"MovAugshrub3","Mov","Aug","pitfall","open",3,"shrub3",NA,NA,NA,84,0,1,0,15,100,11,"grass",TRUE,"","MovAugshrub3",2,0.693147180559945,0.5,2,1
"MovAugshrub4","Mov","Aug","pitfall","open",4,"shrub4",NA,NA,NA,85,0,0,0,15,100,12,"grass",TRUE,"","MovAugshrub4",2,0,0,1,NA
"MovAugshrub5","Mov","Aug","pitfall","open",5,"shrub5",NA,NA,NA,50,1,0,0,49,100,9,"grass",TRUE,"","MovAugshrub5",1,0,0,1,NA
"MovAugshrub6","Mov","Aug","pitfall","open",6,"shrub6",NA,NA,NA,40,0,0,0,60,100,11,"grass",TRUE,"","MovAugshrub6",6,0,0,1,NA
"MovAugshrub7","Mov","Aug","pitfall","open",7,"shrub7",NA,NA,NA,35,0,0,0,65,100,12,"grass",TRUE,"cow dung","MovAugshrub7",9,0,0,1,NA
"MovAugshrub8","Mov","Aug","pitfall","open",8,"shrub8",NA,NA,NA,90,0,0,0,10,100,18,"grass",TRUE,"cow dung","MovAugshrub8",114,0,0,1,NA
"MovAugshrub9","Mov","Aug","pitfall","open",9,"shrub9",NA,NA,NA,95,0,0,0,5,100,4,"grass",TRUE,"","MovAugshrub9",10,0,0,1,NA
"MovJulyopen10","Mov","July","pitfall","open",22,"open10",NA,NA,NA,98,0,0,0,2,100,4,"grass",TRUE,"","MovJulyopen10",52,0,0,1,NA
"MovJulyopen11","Mov","July","pitfall","open",23,"open11",NA,NA,NA,96,0,0,0,4,100,3,"grass",TRUE,"","MovJulyopen11",3,0,0,1,NA
"MovJulyopen12","Mov","July","pitfall","open",24,"open12",NA,NA,NA,97,0,0,0,3,100,4,"herb",TRUE,"","MovJulyopen12",1,0,0,1,NA
"MovJulyopen2","Mov","July","pitfall","open",14,"open2",NA,NA,NA,88,2,0,0,10,100,5,"herb",TRUE,"","MovJulyopen2",25,0,0,1,NA
"MovJulyopen3","Mov","July","pitfall","open",15,"open3",NA,NA,NA,90,5,0,0,5,100,3,"herb",TRUE,"","MovJulyopen3",2,0,0,1,NA
"MovJulyopen4","Mov","July","pitfall","open",16,"open4",NA,NA,NA,91,4,0,0,5,100,3,"grass",TRUE,"","MovJulyopen4",3,0,0,1,NA
"MovJulyopen5","Mov","July","pitfall","open",17,"open5",NA,NA,NA,92,4,0,0,4,100,2,"herb",TRUE,"","MovJulyopen5",16,0,0,1,NA
"MovJulyopen6","Mov","July","pitfall","open",18,"open6",NA,NA,NA,93,0,0,0,7,100,5,"herb",TRUE,"","MovJulyopen6",47,0,0,1,NA
"MovJulyopen7","Mov","July","pitfall","open",19,"open7",NA,NA,NA,99,1,0,0,0,100,6,"grass",TRUE,"","MovJulyopen7",9,0,0,1,NA
"MovJulyopen9","Mov","July","pitfall","open",21,"open9",NA,NA,NA,95,0,0,0,5,100,11,"grass",TRUE,"","MovJulyopen9",1,0,0,1,NA
"MovJulyshrub1","Mov","July","pitfall","open",1,"shrub1",NA,NA,NA,80,0,0,0,20,100,13,"herb",TRUE,"","MovJulyshrub1",4,0,0,1,NA
"MovJulyshrub10","Mov","July","pitfall","open",10,"shrub10",NA,NA,NA,93,2,0,0,5,100,7,"herb",TRUE,"","MovJulyshrub10",75,0,0,1,NA
"MovJulyshrub11","Mov","July","pitfall","open",11,"shrub11",NA,NA,NA,90,0,0,0,10,100,9,"grass",TRUE,"","MovJulyshrub11",2,0,0,1,NA
"MovJulyshrub12","Mov","July","pitfall","open",12,"shrub12",NA,NA,NA,97,0,0,0,3,100,17,"grass",TRUE,"","MovJulyshrub12",1,0,0,1,NA
"MovJulyshrub2","Mov","July","pitfall","open",2,"shrub2",NA,NA,NA,50,0,0,0,50,100,16,"grass",TRUE,"","MovJulyshrub2",35,0.129740694719428,0.0555102040816327,2,0.187176256873208
"MovJulyshrub3","Mov","July","pitfall","open",3,"shrub3",NA,NA,NA,96,2,0,0,2,100,12,"herb",TRUE,"","MovJulyshrub3",1,0,0,1,NA
"MovJulyshrub4","Mov","July","pitfall","open",4,"shrub4",NA,NA,NA,91,4,0,0,5,100,6,"grass",TRUE,"","MovJulyshrub4",13,0,0,1,NA
"MovJulyshrub5","Mov","July","pitfall","open",5,"shrub5",NA,NA,NA,87,2,0,1,10,100,6,"grass",TRUE,"","MovJulyshrub5",8,0,0,1,NA
"MovJulyshrub6","Mov","July","pitfall","open",6,"shrub6",NA,NA,NA,78,2,0,0,20,100,2,"herb",TRUE,"","MovJulyshrub6",3,0,0,1,NA
"MovJulyshrub7","Mov","July","pitfall","open",7,"shrub7",NA,NA,NA,85,5,0,0,10,100,7,"grass",TRUE,"","MovJulyshrub7",3,0,0,1,NA
"MovJulyshrub9","Mov","July","pitfall","open",9,"shrub9",NA,NA,NA,65,5,0,0,30,100,3,"grass",TRUE,"","MovJulyshrub9",2,0,0,1,NA
"PaPlAugopen10","PaPl","Aug","pitfall","open",10,"open10",NA,NA,NA,60,0,0,10,30,100,16,"grass",TRUE,"","PaPlAugopen10",24,0.173205206749177,0.0798611111111109,2,0.249882292833185
"PaPlAugopen11","PaPl","Aug","pitfall","open",11,"open11",NA,NA,NA,77,0,0,20,3,100,22,"grass",TRUE,"","PaPlAugopen11",9,0.348832095843032,0.197530864197531,2,0.503258334775646
"PaPlAugopen12","PaPl","Aug","pitfall","open",12,"open12",NA,NA,NA,96,0,0,4,0,100,17,"grass",TRUE,"","PaPlAugopen12",23,0,0,1,NA
"PaPlAugopen6","PaPl","Aug","pitfall","open",6,"open6",NA,NA,NA,100,0,0,0,0,100,22,"grass",TRUE,"","PaPlAugopen6",1,0,0,1,NA
"PaPlAugopen7","PaPl","Aug","pitfall","open",7,"open7",NA,NA,NA,99,0,0,0,1,100,18,"grass",TRUE,"","PaPlAugopen7",12,0,0,1,NA
"PaPlAugopen9","PaPl","Aug","pitfall","open",9,"open9",NA,NA,NA,100,0,0,0,0,100,25,"grass",TRUE,"","PaPlAugopen9",9,0,0,1,NA
"PaPlAugshrub10","PaPl","Aug","pitfall","shrub",10,"shrub10",350,260,115,95,0,5,0,0,100,36,"grass",TRUE,"","PaPlAugshrub10",4,0.562335144618808,0.375,2,0.811278124459133
"PaPlAugshrub11","PaPl","Aug","pitfall","shrub",11,"shrub11",370,330,130,96,0,4,0,0,100,23,"grass",TRUE,"","PaPlAugshrub11",6,0,0,1,NA
"PaPlAugshrub12","PaPl","Aug","pitfall","shrub",12,"shrub12",300,250,120,87,10,3,0,0,100,36,"grass",TRUE,"","PaPlAugshrub12",77,0,0,1,NA
"PaPlAugshrub2","PaPl","Aug","pitfall","shrub",2,"shrub2",200,145,80,100,0,0,0,0,100,22,"grass",TRUE,"","PaPlAugshrub2",26,0.618977214201632,0.328402366863905,3,0.563417340754528
"PaPlAugshrub3","PaPl","Aug","pitfall","shrub",3,"shrub3",290,270,140,100,0,0,0,0,100,44,"grass",TRUE,"","PaPlAugshrub3",16,0.562335144618808,0.375,2,0.811278124459133
"PaPlAugshrub5","PaPl","Aug","pitfall","shrub",5,"shrub5",210,180,105,92,0,0,0,8,100,36,"grass",TRUE,"","PaPlAugshrub5",11,0,0,1,NA
"PaPlAugshrub6","PaPl","Aug","pitfall","shrub",6,"shrub6",330,210,95,100,0,0,0,0,100,34,"grass",TRUE,"","PaPlAugshrub6",79,0.0678872387735005,0.0249959942316935,2,0.0979405827181741
"PaPlAugshrub7","PaPl","Aug","pitfall","shrub",7,"shrub7",340,290,90,95,0,4,0,1,100,37,"grass",TRUE,"","PaPlAugshrub7",59,0,0,1,NA
"PaPlAugshrub9","PaPl","Aug","pitfall","shrub",9,"shrub9",310,240,110,98,0,2,0,0,100,44,"grass",TRUE,"","PaPlAugshrub9",12,0,0,1,NA
"PaPlJulyopen1","PaPl","July","pitfall","open",1,"open1",NA,NA,NA,85,0,0,0,15,100,5,"herd",TRUE,"","PaPlJulyopen1",2,0.693147180559945,0.5,2,1
"PaPlJulyopen10","PaPl","July","pitfall","open",10,"open10",NA,NA,NA,99,0,0,1,0,100,21,"grass",TRUE,"","PaPlJulyopen10",3,0.636514168294813,0.444444444444444,2,0.918295834054489
"PaPlJulyopen11","PaPl","July","pitfall","open",11,"open11",NA,NA,NA,97,0,0,0,3,100,10,"grass",TRUE,"","PaPlJulyopen11",4,0,0,1,NA
"PaPlJulyopen12","PaPl","July","pitfall","open",12,"open12",NA,NA,NA,99,0,0,1,0,100,16,"grass",TRUE,"","PaPlJulyopen12",1,0,0,1,NA
"PaPlJulyopen2","PaPl","July","pitfall","open",2,"open2",NA,NA,NA,90,0,0,0,10,100,19,"grass",TRUE,"","PaPlJulyopen2",59,0.290209849386375,0.155127836828498,2,0.418684310526856
"PaPlJulyopen3","PaPl","July","pitfall","open",3,"open3",NA,NA,NA,94,1,0,0,5,100,12,"grass",TRUE,"","PaPlJulyopen3",5,0.673011667009257,0.48,2,0.970950594454669
"PaPlJulyopen4","PaPl","July","pitfall","open",4,"open4",NA,NA,NA,97,0,0,0,3,100,12,"grass",TRUE,"","PaPlJulyopen4",1904,0.0558894269049168,0.0177263920273991,3,0.0508727487225486
"PaPlJulyopen5","PaPl","July","pitfall","open",5,"open5",NA,NA,NA,100,0,0,0,0,100,16,"grass",TRUE,"","PaPlJulyopen5",13,0,0,1,NA
"PaPlJulyopen6","PaPl","July","pitfall","open",6,"open6",NA,NA,NA,96,0,0,1,3,100,13,"grass",TRUE,"","PaPlJulyopen6",22,0,0,1,NA
"PaPlJulyopen8","PaPl","July","pitfall","open",8,"open8",NA,NA,NA,98,0,0,1,1,100,9,"grass",TRUE,"","PaPlJulyopen8",11,0,0,1,NA
"PaPlJulyopen9","PaPl","July","pitfall","open",9,"open9",NA,NA,NA,99,0,0,1,0,100,20,"grass",TRUE,"","PaPlJulyopen9",5,0.500402423538188,0.32,2,0.721928094887362
"PaPlJulyshrub1","PaPl","July","pitfall","shrub",1,"shrub1",420,385,175,100,0,0,0,0,100,36,"grass",TRUE,"","PaPlJulyshrub1",22,0,0,1,NA
"PaPlJulyshrub10","PaPl","July","pitfall","shrub",10,"shrub10",370,300,160,100,0,0,0,0,100,20,"grass",TRUE,"","PaPlJulyshrub10",16,0.233791658706459,0.1171875,2,0.337290066617014
"PaPlJulyshrub11","PaPl","July","pitfall","shrub",11,"shrub11",310,240,115,100,0,0,0,0,100,34,"grass",TRUE,"","PaPlJulyshrub11",61,0,0,1,NA
"PaPlJulyshrub12","PaPl","July","pitfall","shrub",12,"shrub12",380,340,135,100,0,0,0,0,100,24,"grass",TRUE,"","PaPlJulyshrub12",26,0.681265729663204,0.488165680473373,2,0.982858689712706
"PaPlJulyshrub2","PaPl","July","pitfall","shrub",2,"shrub2",260,245,90,95,0,0,0,5,100,34,"grass",TRUE,"","PaPlJulyshrub2",24,0.456334432293288,0.225694444444444,3,0.41537350073384
"PaPlJulyshrub3","PaPl","July","pitfall","shrub",3,"shrub3",215,150,95,100,0,0,0,0,100,28,"grass",TRUE,"","PaPlJulyshrub3",76,0.746958689019287,0.505886426592798,3,0.679911099415112
"PaPlJulyshrub4","PaPl","July","pitfall","shrub",4,"shrub4",270,250,120,98,0,0,0,2,100,50,"grass",TRUE,"burrow","PaPlJulyshrub4",41,0.567081321051112,0.322427126710292,3,0.516179663108089
"PaPlJulyshrub5","PaPl","July","pitfall","shrub",5,"shrub5",485,400,175,100,0,0,0,0,100,15,"grass",TRUE,"","PaPlJulyshrub5",18,0,0,1,NA
"PaPlJulyshrub7","PaPl","July","pitfall","shrub",7,"shrub7",275,165,195,100,0,0,0,0,100,34,"grass",TRUE,"","PaPlJulyshrub7",31,0.142505867392738,0.0624349635796044,2,0.205592508185083
"PaPlJulyshrub8","PaPl","July","pitfall","shrub",8,"shrub8",240,190,115,95,0,0,0,5,100,28,"grass",TRUE,"","PaPlJulyshrub8",110,0.460184404908819,0.285785123966942,2,0.663905758856392
"SemiTAugopen1","SemiT","Aug","pitfall","open",1,"open1",NA,NA,NA,50,0,0,0,50,100,7,"herb",TRUE,"","SemiTAugopen1",6,0,0,1,NA
"SemiTAugopen12","SemiT","Aug","pitfall","open",12,"open12",NA,NA,NA,0,0,0,0,100,100,NA,NA,NA,"","SemiTAugopen12",1,0,0,1,NA
"SemiTAugopen2","SemiT","Aug","pitfall","open",2,"open2",NA,NA,NA,7,0,1,0,92,100,11,"herb",TRUE,"","SemiTAugopen2",9,0,0,1,NA
"SemiTAugopen5","SemiT","Aug","pitfall","open",5,"open5",NA,NA,NA,15,0,15,0,70,100,3,"herb",TRUE,"","SemiTAugopen5",3,0.636514168294813,0.444444444444444,2,0.918295834054489
"SemiTAugopen7","SemiT","Aug","pitfall","open",7,"open7",NA,NA,NA,50,0,0,0,50,100,6,"herb",TRUE,"","SemiTAugopen7",3,0.636514168294813,0.444444444444444,2,0.918295834054489
"SemiTAugopen9","SemiT","Aug","pitfall","open",9,"open9",NA,NA,NA,25,0,8,0,67,100,11,"herb",TRUE,"","SemiTAugopen9",1,0,0,1,NA
"SemiTAugshrub12","SemiT","Aug","pitfall","shrub",12,"shrub12",180,155,95,80,0,0,0,20,100,19,"grass",TRUE,"","SemiTAugshrub12",1,0,0,1,NA
"SemiTAugshrub2","SemiT","Aug","pitfall","shrub",2,"shrub2",130,105,100,13,0,0,0,87,100,7,"herb",TRUE,"","SemiTAugshrub2",1,0,0,1,NA
"SemiTAugshrub5","SemiT","Aug","pitfall","shrub",5,"shrub5",105,95,85,99,0,1,0,0,100,15,"grass",TRUE,"","SemiTAugshrub5",1,0,0,1,NA
"SemiTAugshrub6","SemiT","Aug","pitfall","shrub",6,"shrub6",180,170,90,100,0,0,0,0,100,22,"grass",TRUE,"","SemiTAugshrub6",6,0,0,1,NA
"SemiTAugshrub8","SemiT","Aug","pitfall","shrub",8,"shrub8",255,170,90,98,0,0,1,1,100,17,"grass",TRUE,"","SemiTAugshrub8",1,0,0,1,NA
"SemiTAugshrub9","SemiT","Aug","pitfall","shrub",9,"shrub9",300,260,105,96,0,0,0,4,100,16,"grass",TRUE,"","SemiTAugshrub9",12,0,0,1,NA
"SemiTJulyopen1","SemiT","July","pitfall","open",1,"open1",NA,NA,NA,100,0,0,0,0,100,10,"herb",TRUE,"","SemiTJulyopen1",10,0,0,1,NA
"SemiTJulyopen10","SemiT","July","pitfall","open",10,"open10",NA,NA,NA,94,0,1,0,5,100,16,"herb",TRUE,"","SemiTJulyopen10",4,0,0,1,NA
"SemiTJulyopen11","SemiT","July","pitfall","open",11,"open11",NA,NA,NA,20,0,0,0,80,100,13,"herb",TRUE,"","SemiTJulyopen11",6,0,0,1,NA
"SemiTJulyopen12","SemiT","July","pitfall","open",12,"open12",NA,NA,NA,80,0,0,0,20,100,18,"herb",TRUE,"","SemiTJulyopen12",2,0,0,1,NA
"SemiTJulyopen2","SemiT","July","pitfall","open",2,"open2",NA,NA,NA,1,0,0,0,99,100,8,"herb",TRUE,"","SemiTJulyopen2",31,0,0,1,NA
"SemiTJulyopen3","SemiT","July","pitfall","open",3,"open3",NA,NA,NA,100,0,0,0,0,100,10,"herb",TRUE,"","SemiTJulyopen3",6,0,0,1,NA
"SemiTJulyopen4","SemiT","July","pitfall","open",4,"open4",NA,NA,NA,6,0,0,0,94,100,6,"herb",TRUE,"","SemiTJulyopen4",4,0,0,1,NA
"SemiTJulyopen6","SemiT","July","pitfall","open",6,"open6",NA,NA,NA,20,0,0,0,80,100,10,"herb",TRUE,"","SemiTJulyopen6",14,0,0,1,NA
"SemiTJulyopen7","SemiT","July","pitfall","open",7,"open7",NA,NA,NA,15,0,0,0,85,100,9,"herb",TRUE,"","SemiTJulyopen7",16,0,0,1,NA
"SemiTJulyopen8","SemiT","July","pitfall","open",8,"open8",NA,NA,NA,0,0,0,0,100,100,0,"herb",TRUE,"","SemiTJulyopen8",30,0,0,1,NA
"SemiTJulyopen9","SemiT","July","pitfall","open",9,"open9",NA,NA,NA,98,0,0,0,2,100,7,"herb",TRUE,"","SemiTJulyopen9",3,0,0,1,NA
"SemiTJulyshrub12","SemiT","July","pitfall","shrub",12,"shrub12",180,130,95,100,0,0,0,0,100,20,"grass",TRUE,"","SemiTJulyshrub12",17,0.605797499372304,0.41522491349481,2,0.873981048127358
"SemiTJulyshrub2","SemiT","July","pitfall","shrub",2,"shrub2",240,190,90,50,0,0,0,50,100,25,"grass",TRUE,"","SemiTJulyshrub2",37,0,0,1,NA
"SemiTJulyshrub4","SemiT","July","pitfall","shrub",4,"shrub4",140,90,105,25,0,0,0,75,100,12,"herb",TRUE,"","SemiTJulyshrub4",3,0,0,1,NA
"SemiTJulyshrub5","SemiT","July","pitfall","shrub",5,"shrub5",220,200,225,0,0,0,0,100,100,0,NA,TRUE,"","SemiTJulyshrub5",30,0.636514168294813,0.444444444444444,2,0.918295834054489
"SemiTJulyshrub6","SemiT","July","pitfall","shrub",6,"shrub6",145,140,80,50,0,0,0,50,100,14,"grass",TRUE,"","SemiTJulyshrub6",8,0,0,1,NA
"SemiTJulyshrub7","SemiT","July","pitfall","shrub",7,"shrub7",205,195,105,10,0,0,0,90,100,10,"herb",TRUE,"","SemiTJulyshrub7",7,0,0,1,NA
"SemiTJulyshrub8","SemiT","July","pitfall","shrub",8,"shrub8",325,220,100,94,0,1,0,5,100,18,"grass",TRUE,"","SemiTJulyshrub8",9,0,0,1,NA
"SemiTJulyshrub9","SemiT","July","pitfall","shrub",9,"shrub9",410,220,100,100,0,0,0,0,100,10,"grass",TRUE,"","SemiTJulyshrub9",2,0,0,1,NA
"SiCrAugshrub9","SiCr","Aug","pitfall","shrub",9,"shrub9",285,225,135,96,0,2,0,2,100,1,"grass",TRUE,"","SiCrAugshrub9",4,0,0,1,NA
"SiCrJulyopen1","SiCr","July","pitfall","open",1,"open1",NA,NA,NA,100,0,0,0,0,100,26,"grass",TRUE,"","SiCrJulyopen1",2,0.693147180559945,0.5,2,1
"SiCrJulyopen10","SiCr","July","pitfall","open",10,"open10",NA,NA,NA,99,0,0,0,1,100,3,"herb",TRUE,"","SiCrJulyopen10",13,0.666278442414676,0.473372781065089,2,0.961236604722876
"SiCrJulyopen11","SiCr","July","pitfall","open",11,"open11",NA,NA,NA,100,0,0,0,0,100,23,"grass",TRUE,"","SiCrJulyopen11",12,0,0,1,NA
"SiCrJulyopen12","SiCr","July","pitfall","open",12,"open12",NA,NA,NA,100,0,0,0,0,100,37,"grass",TRUE,"","SiCrJulyopen12",19,0,0,1,NA
"SiCrJulyopen2","SiCr","July","pitfall","open",2,"open2",NA,NA,NA,5,1,0,0,94,100,7,"grass",TRUE,"","SiCrJulyopen2",19,0.623654849568108,0.43213296398892,2,0.899743758698263
"SiCrJulyopen3","SiCr","July","pitfall","open",3,"open3",NA,NA,NA,0,0,0,0,100,100,0,NA,NA,"","SiCrJulyopen3",4,0.693147180559945,0.5,2,1
"SiCrJulyopen4","SiCr","July","pitfall","open",4,"open4",NA,NA,NA,50,0,0,0,50,100,13,"herb",TRUE,"","SiCrJulyopen4",21,0.598269588585257,0.408163265306122,2,0.863120568566631
"SiCrJulyopen5","SiCr","July","pitfall","open",5,"open5",NA,NA,NA,0,0,5,0,95,100,NA,NA,NA,"","SiCrJulyopen5",5,0,0,1,NA
"SiCrJulyopen6","SiCr","July","pitfall","open",6,"open6",NA,NA,NA,100,0,0,0,0,100,28,"grass",TRUE,"","SiCrJulyopen6",6,0.450561208866305,0.277777777777778,2,0.650022421648354
"SiCrJulyopen7","SiCr","July","pitfall","open",7,"open7",NA,NA,NA,50,0,1,0,49,100,1,"grass",TRUE,"","SiCrJulyopen7",8,0.900256051268537,0.53125,3,0.819448371872804
"SiCrJulyopen8","SiCr","July","pitfall","open",8,"open8",NA,NA,NA,99,0,0,0,1,100,28,"herb",TRUE,"","SiCrJulyopen8",14,0,0,1,NA
"SiCrJulyshrub1","SiCr","July","pitfall","shrub",1,"shrub1",220,130,130,85,0,0,0,15,100,25,"grass",TRUE,"","SiCrJulyshrub1",77,0.428358321915753,0.229043683589138,3,0.389908547659765
"SiCrJulyshrub10","SiCr","July","pitfall","shrub",10,"shrub10",95,105,70,100,0,0,0,0,100,26,"grass",TRUE,"","SiCrJulyshrub10",62,0.664731631152202,0.420915712799167,3,0.605064805854376
"SiCrJulyshrub11","SiCr","July","pitfall","shrub",11,"shrub11",150,100,95,100,0,0,0,0,100,40,"grass",TRUE,"","SiCrJulyshrub11",44,0.687087744452453,0.428719008264463,3,0.625414217135179
"SiCrJulyshrub12","SiCr","July","pitfall","shrub",12,"shrub12",300,210,155,50,0,50,0,0,100,20,"grass",TRUE,"","SiCrJulyshrub12",15,0.392674467227552,0.231111111111111,2,0.566509506552905
"SiCrJulyshrub2","SiCr","July","pitfall","shrub",2,"shrub2",135,100,110,63,0,0,2,35,100,16,"grass",TRUE,"","SiCrJulyshrub2",49,0.880145547738423,0.554768846314036,3,0.801143002692476
"SiCrJulyshrub3","SiCr","July","pitfall","shrub",3,"shrub3",210,190,120,80,0,0,0,20,100,24,"grass",TRUE,"","SiCrJulyshrub3",53,0.312464779858739,0.170879316482734,2,0.450791388354665
"SiCrJulyshrub4","SiCr","July","pitfall","shrub",4,"shrub4",250,210,135,99,0,0,0,1,100,23,"grass",TRUE,"","SiCrJulyshrub4",56,0.754728762558152,0.470025510204082,3,0.686983725143962
"SiCrJulyshrub5","SiCr","July","pitfall","shrub",5,"shrub5",300,275,155,12,0,0,0,88,100,12,"grass",TRUE,"","SiCrJulyshrub5",9,0.529706199057654,0.345679012345679,2,0.76420450650862
"SiCrJulyshrub6","SiCr","July","pitfall","shrub",6,"shrub6",200,200,100,100,0,0,0,0,100,28,"grass",TRUE,"","SiCrJulyshrub6",17,0.691416077617118,0.498269896193772,2,0.997502546369115
"SiCrJulyshrub7","SiCr","July","pitfall","shrub",7,"shrub7",420,380,190,100,0,0,0,0,100,18,"grass",TRUE,"","SiCrJulyshrub7",33,0.135793958751594,0.0587695133149677,2,0.195909270873605
"SiCrJulyshrub8","SiCr","July","pitfall","shrub",8,"shrub8",180,155,120,94,0,0,1,5,100,11,"grass",TRUE,"","SiCrJulyshrub8",39,0,0,1,NA
"SiCrJulyshrub9","SiCr","July","pitfall","shrub",9,"shrub9",370,350,155,99,0,1,0,0,100,29,"grass",TRUE,"","SiCrJulyshrub9",9,0,0,1,NA
"CaSJulyopen12","CaS","July","pitfall","open",12,"open12",NA,NA,NA,3,0,0,2,95,100,3,"grass",TRUE,"","CaSJulyopen12",0,0,1,0,0
"CaSlJulyshrub10","CaSl","July","pitfall","open",10,"shrub10",NA,NA,NA,89,0,0,1,10,100,6,"grass",TRUE,"","CaSlJulyshrub10",0,0,1,0,0
"LokJulyopen9","Lok","July","pitfall","open",9,"open9",NA,NA,NA,3,0,0,1,96,100,5,"Grass",TRUE,"","LokJulyopen9",0,0,1,0,0
"SemiTJulyshrub10","SemiT","July","pitfall","shrub",10,"shrub10",220,180,120,100,0,0,0,0,100,16,"grass",TRUE,"","SemiTJulyshrub10",0,0,1,0,0
"SemiTJulyshrub11","SemiT","July","pitfall","shrub",11,"shrub11",380,370,90,100,0,0,0,0,100,24,"grass",TRUE,"","SemiTJulyshrub11",0,0,1,0,0
"CoalJulyshrub3","Coal","July","pitfall","open",3,"shrub3",NA,NA,NA,97,3,0,0,0,100,5,"grass",TRUE,"","CoalJulyshrub3",0,0,1,0,0
"CoalJulyopen2","Coal","July","pitfall","open",14,"open2",NA,NA,NA,98,1,0,0,1,100,12,"grass",TRUE,"","CoalJulyopen2",0,0,1,0,0
"AvenJulyshrub1","Aven","July","pitfall","shrub",1,"shrub1",180,110,80,30,0,15,0,55,100,42,"grass",TRUE,"lots of burrows","AvenJulyshrub1",0,0,1,0,0
"AvenJulyshrub4","Aven","July","pitfall","shrub",4,"shrub4",170,90,90,25,0,0,0,75,100,25,"grass",TRUE,"","AvenJulyshrub4",0,0,1,0,0
"AvenJulyopen1","Aven","July","pitfall","open",1,"open1",NA,NA,NA,100,0,0,0,0,100,32,"grass",TRUE,"","AvenJulyopen1",0,0,1,0,0
"PaPlJulyshrub6","PaPl","July","pitfall","shrub",6,"shrub6",300,275,130,100,0,0,0,0,100,25,"grass",TRUE,"","PaPlJulyshrub6",0,0,1,0,0
"PaPlJulyshrub9","PaPl","July","pitfall","shrub",9,"shrub9",310,300,105,100,0,0,0,0,100,33,"grass",TRUE,"","PaPlJulyshrub9",0,0,1,0,0
"MovJulyshrub8","Mov","July","pitfall","open",8,"shrub8",NA,NA,NA,90,0,0,0,10,100,4,"grass",TRUE,"","MovJulyshrub8",0,0,1,0,0
"MovJulyopen1","Mov","July","pitfall","open",13,"open1",NA,NA,NA,82,8,0,0,10,100,4,"herb",TRUE,"","MovJulyopen1",0,0,1,0,0
"MovJulyopen8","Mov","July","pitfall","open",20,"open8",NA,NA,NA,97,1,0,0,2,100,4,"grass",TRUE,"","MovJulyopen8",0,0,1,0,0
"CaSAugopen6","CaS","Aug","pitfall","open",6,"open6",NA,NA,NA,84,0,0,1,15,100,2,"grass",TRUE,"","CaSAugopen6",0,0,1,0,0
"SemiTAugshrub3","SemiT","Aug","pitfall","shrub",3,"shrub3",160,160,110,94,0,2,0,4,100,15,"grass",TRUE,"","SemiTAugshrub3",0,0,1,0,0
"SemiTAugshrub4","SemiT","Aug","pitfall","shrub",4,"shrub4",205,190,95,100,0,0,0,0,100,16,"grass",TRUE,"","SemiTAugshrub4",0,0,1,0,0
"SemiTAugopen8","SemiT","Aug","pitfall","open",8,"open8",NA,NA,NA,85,0,0,0,15,100,22,"herb",TRUE,"","SemiTAugopen8",0,0,1,0,0
"SemiTAugopen10","SemiT","Aug","pitfall","open",10,"open10",NA,NA,NA,96,0,1,0,3,100,11,"herb",TRUE,"","SemiTAugopen10",0,0,1,0,0
"AvenAugshrub4","Aven","Aug","pitfall","shrub",4,"shrub4",140,120,110,20,0,20,2,58,100,29,"grass",TRUE,"","AvenAugshrub4",0,0,1,0,0
"PaPlAugopen2","PaPl","Aug","pitfall","open",2,"open2",NA,NA,NA,99,0,0,1,0,100,15,"grass",TRUE,"","PaPlAugopen2",0,0,1,0,0
"PaPlAugopen4","PaPl","Aug","pitfall","open",4,"open4",NA,NA,NA,98,0,0,0,2,100,16,"grass",TRUE,"","PaPlAugopen4",0,0,1,0,0
"PaPlAugopen5","PaPl","Aug","pitfall","open",5,"open5",NA,NA,NA,100,0,0,0,0,100,15,"grass",TRUE,"","PaPlAugopen5",0,0,1,0,0
"LokSeptshrub6","Lok","Sept","pitfall","shrub",6,"shrub6",210,140,90,90,0,0,0,10,100,32,"grass",TRUE,"","LokSeptshrub6",0,0,1,0,0
"LokSeptopen8","Lok","Sept","pitfall","open",8,"open8",NA,NA,NA,46,0,0,4,50,100,14,"herb",TRUE,"","LokSeptopen8",0,0,1,0,0
"LokSeptopen12","Lok","Sept","pitfall","open",12,"open12",NA,NA,NA,30,0,0,5,65,100,7,"grass",TRUE,"","LokSeptopen12",0,0,1,0,0
"SemiTSeptshrub2","SemiT","Sept","pitfall","shrub",2,"shrub2",170,140,100,78,0,2,0,20,100,26,"grass",TRUE,"","SemiTSeptshrub2",0,0,1,0,0
"SemiTSeptshrub5","SemiT","Sept","pitfall","shrub",5,"shrub5",210,200,120,23,0,0,0,77,100,22,"grass",TRUE,"","SemiTSeptshrub5",0,0,1,0,0
"SemiTSeptshrub9","SemiT","Sept","pitfall","shrub",9,"shrub9",250,220,130,90,0,0,0,10,100,24,"grass",TRUE,"","SemiTSeptshrub9",0,0,1,0,0
"SemiTSeptshrub10","SemiT","Sept","pitfall","shrub",10,"shrub10",230,200,120,80,0,0,0,20,100,15,"grass",TRUE,"","SemiTSeptshrub10",0,0,1,0,0
"SemiTSeptopen1","SemiT","Sept","pitfall","open",1,"open1",NA,NA,NA,45,0,0,0,55,100,26,"herb",TRUE,"","SemiTSeptopen1",0,0,1,0,0
"SemiTSeptopen7","SemiT","Sept","pitfall","open",7,"open7",NA,NA,NA,98,0,0,0,2,100,29,"herb",TRUE,"","SemiTSeptopen7",0,0,1,0,0
"SemiTSeptopen8","SemiT","Sept","pitfall","open",8,"open8",NA,NA,NA,97,0,2,0,1,100,15,"herb",TRUE,"","SemiTSeptopen8",0,0,1,0,0
"SemiTSeptopen9","SemiT","Sept","pitfall","open",9,"open9",NA,NA,NA,96,0,2,0,2,100,37,"grass",TRUE,"","SemiTSeptopen9",0,0,1,0,0
"SemiTSeptopen12","SemiT","Sept","pitfall","open",12,"open12",NA,NA,NA,85,0,0,0,15,100,10,"herb",TRUE,"","SemiTSeptopen12",0,0,1,0,0
"CoalSeptopen5","Coal","Sept","pitfall","open",17,"open5",NA,NA,NA,98,0,0,0,2,100,17,"grass",TRUE,"cow dung","CoalSeptopen5",0,0,1,0,0
"SiCrSeptshrub8","SiCr","Sept","pitfall","shrub",8,"shrub8",220,210,160,100,0,0,0,0,100,10,"grass",TRUE,"","SiCrSeptshrub8",0,0,1,0,0
"SiCrSeptshrub11","SiCr","Sept","pitfall","shrub",11,"shrub11",570,550,250,30,0,0,0,70,100,21,"grass",TRUE,"","SiCrSeptshrub11",0,0,1,0,0
"PaPlSeptshrub5","PaPl","Sept","pitfall","shrub",5,"shrub5",260,220,130,100,0,0,0,0,100,33,"grass",TRUE,"","PaPlSeptshrub5",0,0,1,0,0
"PaPlSeptshrub6","PaPl","Sept","pitfall","shrub",6,"shrub6",300,240,130,95,0,0,0,5,100,30,"grass",TRUE,"","PaPlSeptshrub6",0,0,1,0,0
"PaPlSeptshrub9","PaPl","Sept","pitfall","shrub",9,"shrub9",400,260,160,95,0,0,0,5,100,32,"grass",TRUE,"inactive borrow","PaPlSeptshrub9",0,0,1,0,0
"PaPlSeptopen5","PaPl","Sept","pitfall","open",5,"open5",NA,NA,NA,80,0,0,0,20,100,22,"grass",TRUE,"","PaPlSeptopen5",0,0,1,0,0
"PaPlSeptopen7","PaPl","Sept","pitfall","open",7,"open7",NA,NA,NA,64,0,0,1,35,100,16,"herb",TRUE,"","PaPlSeptopen7",0,0,1,0,0
