"","Site","month","Method","Microsite","Rep","field.micro","shrub.x","shrub.y","shrub.z","dry.veg.percent","green.veg.percent","woody.debris.percent","rocks.percent","bare.ground.percent","sum_percent","veg..height","dominant.type","dried.","notes"
"1","CaS","July","pitfall","shrub",1,"",350,325,126,91,0,3,1,5,100,26,"Grass",TRUE,"3 or 4 stems for one big bush"
"2","CaS","July","pitfall","shrub",2,"",610,500,160,96,0,3,1,0,100,24,"Grass",TRUE,""
"3","CaS","July","pitfall","shrub",3,"",325,255,155,99,0,0,1,0,100,33,"Grass",TRUE,""
"4","CaS","July","pitfall","shrub",4,"",285,250,120,83,0,6,1,10,100,31,"Grass",TRUE,""
"5","CaS","July","pitfall","shrub",5,"",290,230,170,96,0,1,1,2,100,29,"Grass",TRUE,""
"6","CaS","July","pitfall","shrub",6,"",295,275,150,91,0,0,1,8,100,33,"Grass",TRUE,""
"7","CaS","July","pitfall","shrub",7,"",365,360,170,74,0,10,1,15,100,25,"Grass",TRUE,""
"8","CaS","July","pitfall","shrub",8,"",390,365,185,90,0,1,1,8,100,28,"Grass",TRUE,""
"9","CaS","July","pitfall","shrub",9,"",320,315,160,94,0,0,1,5,100,29,"Grass",TRUE,""
"10","CaS","July","pitfall","shrub",10,"",470,430,165,88,0,10,1,1,100,8,"Grass",TRUE,"Grasshoppers mating (?) in bush"
"11","CaS","July","pitfall","shrub",11,"",250,210,100,60,2,3,2,33,100,22,"Grass",TRUE,""
"12","CaS","July","pitfall","shrub",12,"",315,315,140,90,1,0,2,7,100,37,"Grass",TRUE,""
"13","CaS","July","pitfall","open",1,"",NA,NA,NA,77,0,0,3,20,100,12,"grass",TRUE,""
"14","CaS","July","pitfall","open",2,"",NA,NA,NA,2,7,1,4,86,100,35,"herb",TRUE,""
"15","CaS","July","pitfall","open",3,"",NA,NA,NA,1,2,0,4,93,100,2,"herb",TRUE,""
"16","CaS","July","pitfall","open",4,"",NA,NA,NA,2,2,1,1,94,100,7,"herb",TRUE,""
"17","CaS","July","pitfall","open",5,"",NA,NA,NA,1,2,0,2,95,100,13,"grass",TRUE,""
"18","CaS","July","pitfall","open",6,"",NA,NA,NA,50,0,0,1,49,100,19,"grass",TRUE,""
"19","CaS","July","pitfall","open",7,"",NA,NA,NA,70,0,0,0,30,100,8,"grass",TRUE,""
"20","CaS","July","pitfall","open",8,"",NA,NA,NA,10,0,1,5,84,100,14,"grass",TRUE,""
"21","CaS","July","pitfall","open",9,"",NA,NA,NA,3,0,0,2,95,100,1,"grass",TRUE,""
"22","CaS","July","pitfall","open",10,"",NA,NA,NA,0,0,1,2,97,100,0,"grass",TRUE,""
"23","CaS","July","pitfall","open",11,"",NA,NA,NA,1,0,2,1,96,100,5,"grass",TRUE,""
"24","CaS","July","pitfall","open",12,"",NA,NA,NA,3,0,0,2,95,100,3,"grass",TRUE,""
"25","CaSl","July","pitfall","open",1,"shrub1",NA,NA,NA,30,0,0,1,69,100,9,"grass",TRUE,""
"26","CaSl","July","pitfall","open",2,"shrub2",NA,NA,NA,10,0,0,0,90,100,7,"grass",TRUE,""
"27","CaSl","July","pitfall","open",3,"shrub3",NA,NA,NA,10,0,0,1,89,100,7,"grass",TRUE,""
"28","CaSl","July","pitfall","open",4,"shrub4",NA,NA,NA,6,0,0,5,89,100,4,"grass",TRUE,""
"29","CaSl","July","pitfall","open",5,"shrub5",NA,NA,NA,60,0,0,0,40,100,5,"grass",TRUE,""
"30","CaSl","July","pitfall","open",6,"shrub6",NA,NA,NA,25,0,0,1,74,100,7,"grass",TRUE,""
"31","CaSl","July","pitfall","open",7,"shrub7",NA,NA,NA,25,0,0,1,74,100,10,"grass",TRUE,""
"32","CaSl","July","pitfall","open",8,"shrub8",NA,NA,NA,5,0,0,1,94,100,9,"grass",TRUE,""
"33","CaSl","July","pitfall","open",9,"shrub9",NA,NA,NA,96,0,3,1,0,100,13,"grass",TRUE,""
"34","CaSl","July","pitfall","open",10,"shrub10",NA,NA,NA,89,0,0,1,10,100,6,"grass",TRUE,""
"35","CaSl","July","pitfall","open",11,"shrub11",NA,NA,NA,72,3,0,0,25,100,9,"grass",TRUE,""
"36","CaSl","July","pitfall","open",12,"shrub12",NA,NA,NA,0,6,0,1,93,100,7,"grass",TRUE,""
"37","CaSl","July","pitfall","open",13,"open1",NA,NA,NA,80,0,0,0,20,100,13,"grass",TRUE,""
"38","CaSl","July","pitfall","open",14,"open2",NA,NA,NA,5,0,0,1,94,100,8,"grass",TRUE,""
"39","CaSl","July","pitfall","open",15,"open3",NA,NA,NA,95,0,0,0,5,100,8,"grass",TRUE,""
"40","CaSl","July","pitfall","open",16,"open4",NA,NA,NA,25,0,0,0,75,100,12,"grass",TRUE,""
"41","CaSl","July","pitfall","open",17,"open5",NA,NA,NA,60,0,0,0,40,100,16,"grass",TRUE,""
"42","CaSl","July","pitfall","open",18,"open6",NA,NA,NA,100,0,0,0,0,100,7,"grass",TRUE,""
"43","CaSl","July","pitfall","open",19,"open7",NA,NA,NA,30,2,0,1,67,100,4,"grass",TRUE,""
"44","CaSl","July","pitfall","open",20,"open8",NA,NA,NA,10,1,0,0,89,100,3,"grass",TRUE,""
"45","CaSl","July","pitfall","open",21,"open9",NA,NA,NA,70,0,0,0,30,100,2,"grass",TRUE,""
"46","CaSl","July","pitfall","open",22,"open10",NA,NA,NA,55,5,1,1,38,100,9,"grass",TRUE,""
"47","CaSl","July","pitfall","open",23,"open11",NA,NA,NA,40,0,1,1,58,100,6,"Grass",TRUE,""
"48","CaSl","July","pitfall","open",24,"open12",NA,NA,NA,50,0,0,0,50,100,5,"Grass",TRUE,""
"49","Lok","July","pitfall","shrub",1,"",200,190,100,25,0,0,1,74,100,10,"Grass",TRUE,""
"50","Lok","July","pitfall","shrub",2,"",310,190,115,95,0,5,0,0,100,30,"Grass",TRUE,""
"51","Lok","July","pitfall","shrub",3,"",290,280,125,70,0,0,0,30,100,10,"Grass",TRUE,""
"52","Lok","July","pitfall","shrub",4,"",110,105,85,70,0,15,0,15,100,23,"Grass",TRUE,""
"53","Lok","July","pitfall","shrub",5,"",140,135,120,35,0,0,0,65,100,13,"Grass",TRUE,""
"54","Lok","July","pitfall","shrub",6,"",200,175,115,89,0,5,1,5,100,16,"Grass",TRUE,""
"55","Lok","July","pitfall","shrub",7,"",160,140,85,13,0,2,0,85,100,29,"Grass",TRUE,""
"56","Lok","July","pitfall","shrub",8,"",230,150,110,90,0,1,0,9,100,17,"Grass",TRUE,""
"57","Lok","July","pitfall","shrub",9,"",310,210,130,94,0,1,0,5,100,27,"Grass",TRUE,""
"58","Lok","July","pitfall","shrub",10,"",180,140,100,45,0,0,3,52,100,14,"Grass",TRUE,""
"59","Lok","July","pitfall","shrub",11,"",220,170,120,15,0,0,5,80,100,18,"Grass",TRUE,""
"60","Lok","July","pitfall","shrub",12,"",770,670,160,100,0,0,0,0,100,23,"Grass",TRUE,""
"61","Lok","July","pitfall","open",1,"",NA,NA,NA,4,2,0,0,94,100,4,"Grass",TRUE,""
"62","Lok","July","pitfall","open",2,"",NA,NA,NA,20,25,0,0,55,100,12,"Grass",TRUE,""
"63","Lok","July","pitfall","open",3,"",NA,NA,NA,3,10,0,0,87,100,13,"herb",TRUE,""
"64","Lok","July","pitfall","open",4,"",NA,NA,NA,8,2,0,0,90,100,13,"Grass",TRUE,""
"65","Lok","July","pitfall","open",5,"",NA,NA,NA,1,0,0,1,98,100,1,"Grass",TRUE,""
"66","Lok","July","pitfall","open",6,"",NA,NA,NA,4,0,3,1,92,100,12,"Grass",TRUE,""
"67","Lok","July","pitfall","open",7,"",NA,NA,NA,3,0,0,1,96,100,7,"Grass",TRUE,""
"68","Lok","July","pitfall","open",8,"",NA,NA,NA,5,0,40,0,55,100,10,"Grass",TRUE,""
"69","Lok","July","pitfall","open",9,"",NA,NA,NA,3,0,0,1,96,100,5,"Grass",TRUE,""
"70","Lok","July","pitfall","open",10,"",NA,NA,NA,65,0,0,0,35,100,14,"herb",TRUE,""
"71","Lok","July","pitfall","open",11,"",NA,NA,NA,20,4,0,1,75,100,18,"grass",TRUE,""
"72","Lok","July","pitfall","open",12,"",NA,NA,NA,25,0,0,1,74,100,10,"grass",TRUE,""
"73","SemiT","July","pitfall","shrub",1,"",195,180,110,85,0,0,0,15,100,7,"herb",TRUE,""
"74","SemiT","July","pitfall","shrub",2,"",240,190,90,50,0,0,0,50,100,25,"grass",TRUE,""
"75","SemiT","July","pitfall","shrub",3,"",155,155,80,20,0,0,0,80,100,4,"herb",TRUE,""
"76","SemiT","July","pitfall","shrub",4,"",140,90,105,25,0,0,0,75,100,12,"herb",TRUE,""
"77","SemiT","July","pitfall","shrub",5,"",220,200,225,0,0,0,0,100,100,0,NA,TRUE,""
"78","SemiT","July","pitfall","shrub",6,"",145,140,80,50,0,0,0,50,100,14,"grass",TRUE,""
"79","SemiT","July","pitfall","shrub",7,"",205,195,105,10,0,0,0,90,100,10,"herb",TRUE,""
"80","SemiT","July","pitfall","shrub",8,"",325,220,100,94,0,1,0,5,100,18,"grass",TRUE,""
"81","SemiT","July","pitfall","shrub",9,"",410,220,100,100,0,0,0,0,100,10,"grass",TRUE,""
"82","SemiT","July","pitfall","shrub",10,"",220,180,120,100,0,0,0,0,100,16,"grass",TRUE,""
"83","SemiT","July","pitfall","shrub",11,"",380,370,90,100,0,0,0,0,100,24,"grass",TRUE,""
"84","SemiT","July","pitfall","shrub",12,"",180,130,95,100,0,0,0,0,100,20,"grass",TRUE,""
"85","SemiT","July","pitfall","open",1,"",NA,NA,NA,100,0,0,0,0,100,10,"herb",TRUE,""
"86","SemiT","July","pitfall","open",2,"",NA,NA,NA,1,0,0,0,99,100,8,"herb",TRUE,""
"87","SemiT","July","pitfall","open",3,"",NA,NA,NA,100,0,0,0,0,100,10,"herb",TRUE,""
"88","SemiT","July","pitfall","open",4,"",NA,NA,NA,6,0,0,0,94,100,6,"herb",TRUE,""
"89","SemiT","July","pitfall","open",5,"",NA,NA,NA,40,0,0,0,60,100,1,"herb",TRUE,""
"90","SemiT","July","pitfall","open",6,"",NA,NA,NA,20,0,0,0,80,100,10,"herb",TRUE,""
"91","SemiT","July","pitfall","open",7,"",NA,NA,NA,15,0,0,0,85,100,9,"herb",TRUE,""
"92","SemiT","July","pitfall","open",8,"",NA,NA,NA,0,0,0,0,100,100,0,"herb",TRUE,""
"93","SemiT","July","pitfall","open",9,"",NA,NA,NA,98,0,0,0,2,100,7,"herb",TRUE,""
"94","SemiT","July","pitfall","open",10,"",NA,NA,NA,94,0,1,0,5,100,16,"herb",TRUE,""
"95","SemiT","July","pitfall","open",11,"",NA,NA,NA,20,0,0,0,80,100,13,"herb",TRUE,""
"96","SemiT","July","pitfall","open",12,"",NA,NA,NA,80,0,0,0,20,100,18,"herb",TRUE,""
"97","Coal","July","pitfall","open",1,"shrub1",NA,NA,NA,98,2,0,0,0,100,14,"grass",TRUE,""
"98","Coal","July","pitfall","open",2,"shrub2",NA,NA,NA,100,0,0,0,0,100,26,"grass",TRUE,""
"99","Coal","July","pitfall","open",3,"shrub3",NA,NA,NA,97,3,0,0,0,100,5,"grass",TRUE,""
"100","Coal","July","pitfall","open",4,"shrub4",NA,NA,NA,5,1,0,1,93,100,11,"grass",TRUE,""
"101","Coal","July","pitfall","open",5,"shrub5",NA,NA,NA,97,3,0,0,0,100,27,"grass",TRUE,""
"102","Coal","July","pitfall","open",6,"shrub6",NA,NA,NA,67,1,1,1,30,100,17,"herb",TRUE,""
"103","Coal","July","pitfall","open",7,"shrub7",NA,NA,NA,94,2,1,0,3,100,27,"grass",TRUE,""
"104","Coal","July","pitfall","open",8,"shrub8",NA,NA,NA,8,3,0,1,88,100,5,"grass",TRUE,""
"105","Coal","July","pitfall","open",9,"shrub9",NA,NA,NA,90,0,10,0,0,100,20,"grass",TRUE,""
"106","Coal","July","pitfall","open",10,"shrub10",NA,NA,NA,3,2,1,0,94,100,5,"grass",TRUE,""
"107","Coal","July","pitfall","open",11,"shrub11",NA,NA,NA,49,2,0,0,49,100,10,"grass",TRUE,""
"108","Coal","July","pitfall","open",12,"shrub12",NA,NA,NA,96,1,0,0,3,100,14,"grass",TRUE,""
"109","Coal","July","pitfall","open",13,"open1",NA,NA,NA,90,10,0,0,0,100,13,"grass",TRUE,""
"110","Coal","July","pitfall","open",14,"open2",NA,NA,NA,98,1,0,0,1,100,12,"grass",TRUE,""
"111","Coal","July","pitfall","open",15,"open3",NA,NA,NA,98,2,0,0,0,100,5,"grass",TRUE,""
"112","Coal","July","pitfall","open",16,"open4",NA,NA,NA,5,5,0,0,90,100,10,"herb",TRUE,""
"113","Coal","July","pitfall","open",17,"open5",NA,NA,NA,85,15,0,0,0,100,12,"grass",TRUE,""
"114","Coal","July","pitfall","open",18,"open6",NA,NA,NA,90,10,0,0,0,100,15,"grass",TRUE,""
"115","Coal","July","pitfall","open",19,"open7",NA,NA,NA,97,1,1,0,1,100,22,"grass",TRUE,""
"116","Coal","July","pitfall","open",20,"open8",NA,NA,NA,98,2,0,0,0,100,8,"grass",TRUE,""
"117","Coal","July","pitfall","open",21,"open9",NA,NA,NA,98,1,0,0,1,100,14,"grass",TRUE,""
"118","Coal","July","pitfall","open",22,"open10",NA,NA,NA,99,1,0,0,0,100,5,"grass",TRUE,""
"119","Coal","July","pitfall","open",23,"open11",NA,NA,NA,100,0,0,0,0,100,12,"grass",TRUE,""
"120","Coal","July","pitfall","open",24,"open12",NA,NA,NA,91,8,0,0,1,100,9,"grass",TRUE,""
"121","Aven","July","pitfall","shrub",1,"",180,110,80,30,0,15,0,55,100,42,"grass",TRUE,"lots of burrows"
"122","Aven","July","pitfall","shrub",2,"",270,140,135,50,0,1,0,49,100,18,"grass",TRUE,""
"123","Aven","July","pitfall","shrub",3,"",120,65,110,99,0,1,0,0,100,36,"grass",TRUE,""
"124","Aven","July","pitfall","shrub",4,"",170,90,90,25,0,0,0,75,100,25,"grass",TRUE,""
"125","Aven","July","pitfall","shrub",5,"",130,65,115,98,0,0,0,2,100,18,"grass",TRUE,""
"126","Aven","July","pitfall","shrub",6,"",160,150,85,100,0,0,0,0,100,38,"grass",TRUE,""
"127","Aven","July","pitfall","shrub",7,"",255,240,110,3,0,4,0,93,100,10,"grass",TRUE,"small amount of broken glass"
"128","Aven","July","pitfall","shrub",8,"",165,150,140,3,0,2,1,94,100,5,"grass",TRUE,""
"129","Aven","July","pitfall","shrub",9,"",125,105,125,96,0,3,0,1,100,37,"grass",TRUE,""
"130","Aven","July","pitfall","shrub",10,"",140,95,105,99,0,1,0,0,100,19,"grass",TRUE,""
"131","Aven","July","pitfall","shrub",11,"",200,125,125,10,0,0,8,82,100,7,"grass",TRUE,""
"132","Aven","July","pitfall","shrub",12,"",70,55,90,95,0,0,0,5,100,21,"grass",TRUE,""
"133","Aven","July","pitfall","open",1,"",NA,NA,NA,100,0,0,0,0,100,32,"grass",TRUE,""
"134","Aven","July","pitfall","open",2,"",NA,NA,NA,100,0,0,0,0,100,23,"grass",TRUE,""
"135","Aven","July","pitfall","open",3,"",NA,NA,NA,65,0,0,0,35,100,34,"grass",TRUE,""
"136","Aven","July","pitfall","open",4,"",NA,NA,NA,2,0,2,0,96,100,5,"grass",TRUE,""
"137","Aven","July","pitfall","open",5,"",NA,NA,NA,73,0,12,0,15,100,19,"grass",TRUE,""
"138","Aven","July","pitfall","open",6,"",NA,NA,NA,2,0,0,0,98,100,6,"grass",TRUE,""
"139","Aven","July","pitfall","open",7,"",NA,NA,NA,0,0,12,0,88,100,0,"grass",TRUE,""
"140","Aven","July","pitfall","open",8,"",NA,NA,NA,0,0,1,1,98,100,0,"grass",TRUE,""
"141","Aven","July","pitfall","open",9,"",NA,NA,NA,96,0,4,0,0,100,32,"grass",TRUE,""
"142","Aven","July","pitfall","open",10,"",NA,NA,NA,93,0,2,0,5,100,25,"grass",TRUE,""
"143","Aven","July","pitfall","open",11,"",NA,NA,NA,3,0,0,1,96,100,10,"grass",TRUE,""
"144","Aven","July","pitfall","open",12,"",NA,NA,NA,99,0,0,0,1,100,13,"grass",TRUE,""
"145","SiCr","July","pitfall","shrub",1,"",220,130,130,85,0,0,0,15,100,25,"grass",TRUE,""
"146","SiCr","July","pitfall","shrub",2,"",135,100,110,63,0,0,2,35,100,16,"grass",TRUE,""
"147","SiCr","July","pitfall","shrub",3,"",210,190,120,80,0,0,0,20,100,24,"grass",TRUE,""
"148","SiCr","July","pitfall","shrub",4,"",250,210,135,99,0,0,0,1,100,23,"grass",TRUE,""
"149","SiCr","July","pitfall","shrub",5,"",300,275,155,12,0,0,0,88,100,12,"grass",TRUE,""
"150","SiCr","July","pitfall","shrub",6,"",200,200,100,100,0,0,0,0,100,28,"grass",TRUE,""
"151","SiCr","July","pitfall","shrub",7,"",420,380,190,100,0,0,0,0,100,18,"grass",TRUE,""
"152","SiCr","July","pitfall","shrub",8,"",180,155,120,94,0,0,1,5,100,11,"grass",TRUE,""
"153","SiCr","July","pitfall","shrub",9,"",370,350,155,99,0,1,0,0,100,29,"grass",TRUE,""
"154","SiCr","July","pitfall","shrub",10,"",95,105,70,100,0,0,0,0,100,26,"grass",TRUE,""
"155","SiCr","July","pitfall","shrub",11,"",150,100,95,100,0,0,0,0,100,40,"grass",TRUE,""
"156","SiCr","July","pitfall","shrub",12,"",300,210,155,50,0,50,0,0,100,20,"grass",TRUE,""
"157","SiCr","July","pitfall","open",1,"",NA,NA,NA,100,0,0,0,0,100,26,"grass",TRUE,""
"158","SiCr","July","pitfall","open",2,"",NA,NA,NA,5,1,0,0,94,100,7,"grass",TRUE,""
"159","SiCr","July","pitfall","open",3,"",NA,NA,NA,0,0,0,0,100,100,0,NA,NA,""
"160","SiCr","July","pitfall","open",4,"",NA,NA,NA,50,0,0,0,50,100,13,"herb",TRUE,""
"161","SiCr","July","pitfall","open",5,"",NA,NA,NA,0,0,5,0,95,100,NA,NA,NA,""
"162","SiCr","July","pitfall","open",6,"",NA,NA,NA,100,0,0,0,0,100,28,"grass",TRUE,""
"163","SiCr","July","pitfall","open",7,"",NA,NA,NA,50,0,1,0,49,100,1,"grass",TRUE,""
"164","SiCr","July","pitfall","open",8,"",NA,NA,NA,99,0,0,0,1,100,28,"herb",TRUE,""
"165","SiCr","July","pitfall","open",9,"",NA,NA,NA,100,0,0,0,0,100,38,"grass",TRUE,""
"166","SiCr","July","pitfall","open",10,"",NA,NA,NA,99,0,0,0,1,100,3,"herb",TRUE,""
"167","SiCr","July","pitfall","open",11,"",NA,NA,NA,100,0,0,0,0,100,23,"grass",TRUE,""
"168","SiCr","July","pitfall","open",12,"",NA,NA,NA,100,0,0,0,0,100,37,"grass",TRUE,""
"169","PaPl","July","pitfall","shrub",1,"",420,385,175,100,0,0,0,0,100,36,"grass",TRUE,""
"170","PaPl","July","pitfall","shrub",2,"",260,245,90,95,0,0,0,5,100,34,"grass",TRUE,""
"171","PaPl","July","pitfall","shrub",3,"",215,150,95,100,0,0,0,0,100,28,"grass",TRUE,""
"172","PaPl","July","pitfall","shrub",4,"",270,250,120,98,0,0,0,2,100,50,"grass",TRUE,"burrow"
"173","PaPl","July","pitfall","shrub",5,"",485,400,175,100,0,0,0,0,100,15,"grass",TRUE,""
"174","PaPl","July","pitfall","shrub",6,"",300,275,130,100,0,0,0,0,100,25,"grass",TRUE,""
"175","PaPl","July","pitfall","shrub",7,"",275,165,195,100,0,0,0,0,100,34,"grass",TRUE,""
"176","PaPl","July","pitfall","shrub",8,"",240,190,115,95,0,0,0,5,100,28,"grass",TRUE,""
"177","PaPl","July","pitfall","shrub",9,"",310,300,105,100,0,0,0,0,100,33,"grass",TRUE,""
"178","PaPl","July","pitfall","shrub",10,"",370,300,160,100,0,0,0,0,100,20,"grass",TRUE,""
"179","PaPl","July","pitfall","shrub",11,"",310,240,115,100,0,0,0,0,100,34,"grass",TRUE,""
"180","PaPl","July","pitfall","shrub",12,"",380,340,135,100,0,0,0,0,100,24,"grass",TRUE,""
"181","PaPl","July","pitfall","open",1,"",NA,NA,NA,85,0,0,0,15,100,5,"herd",TRUE,""
"182","PaPl","July","pitfall","open",2,"",NA,NA,NA,90,0,0,0,10,100,19,"grass",TRUE,""
"183","PaPl","July","pitfall","open",3,"",NA,NA,NA,94,1,0,0,5,100,12,"grass",TRUE,""
"184","PaPl","July","pitfall","open",4,"",NA,NA,NA,97,0,0,0,3,100,12,"grass",TRUE,""
"185","PaPl","July","pitfall","open",5,"",NA,NA,NA,100,0,0,0,0,100,16,"grass",TRUE,""
"186","PaPl","July","pitfall","open",6,"",NA,NA,NA,96,0,0,1,3,100,13,"grass",TRUE,""
"187","PaPl","July","pitfall","open",7,"",NA,NA,NA,100,0,0,0,0,100,29,"grass",TRUE,""
"188","PaPl","July","pitfall","open",8,"",NA,NA,NA,98,0,0,1,1,100,9,"grass",TRUE,""
"189","PaPl","July","pitfall","open",9,"",NA,NA,NA,99,0,0,1,0,100,20,"grass",TRUE,""
"190","PaPl","July","pitfall","open",10,"",NA,NA,NA,99,0,0,1,0,100,21,"grass",TRUE,""
"191","PaPl","July","pitfall","open",11,"",NA,NA,NA,97,0,0,0,3,100,10,"grass",TRUE,""
"192","PaPl","July","pitfall","open",12,"",NA,NA,NA,99,0,0,1,0,100,16,"grass",TRUE,""
"193","Mov","July","pitfall","open",1,"shrub1",NA,NA,NA,80,0,0,0,20,100,13,"herb",TRUE,""
"194","Mov","July","pitfall","open",2,"shrub2",NA,NA,NA,50,0,0,0,50,100,16,"grass",TRUE,""
"195","Mov","July","pitfall","open",3,"shrub3",NA,NA,NA,96,2,0,0,2,100,12,"herb",TRUE,""
"196","Mov","July","pitfall","open",4,"shrub4",NA,NA,NA,91,4,0,0,5,100,6,"grass",TRUE,""
"197","Mov","July","pitfall","open",5,"shrub5",NA,NA,NA,87,2,0,1,10,100,6,"grass",TRUE,""
"198","Mov","July","pitfall","open",6,"shrub6",NA,NA,NA,78,2,0,0,20,100,2,"herb",TRUE,""
"199","Mov","July","pitfall","open",7,"shrub7",NA,NA,NA,85,5,0,0,10,100,7,"grass",TRUE,""
"200","Mov","July","pitfall","open",8,"shrub8",NA,NA,NA,90,0,0,0,10,100,4,"grass",TRUE,""
"201","Mov","July","pitfall","open",9,"shrub9",NA,NA,NA,65,5,0,0,30,100,3,"grass",TRUE,""
"202","Mov","July","pitfall","open",10,"shrub10",NA,NA,NA,93,2,0,0,5,100,7,"herb",TRUE,""
"203","Mov","July","pitfall","open",11,"shrub11",NA,NA,NA,90,0,0,0,10,100,9,"grass",TRUE,""
"204","Mov","July","pitfall","open",12,"shrub12",NA,NA,NA,97,0,0,0,3,100,17,"grass",TRUE,""
"205","Mov","July","pitfall","open",13,"open1",NA,NA,NA,82,8,0,0,10,100,4,"herb",TRUE,""
"206","Mov","July","pitfall","open",14,"open2",NA,NA,NA,88,2,0,0,10,100,5,"herb",TRUE,""
"207","Mov","July","pitfall","open",15,"open3",NA,NA,NA,90,5,0,0,5,100,3,"herb",TRUE,""
"208","Mov","July","pitfall","open",16,"open4",NA,NA,NA,91,4,0,0,5,100,3,"grass",TRUE,""
"209","Mov","July","pitfall","open",17,"open5",NA,NA,NA,92,4,0,0,4,100,2,"herb",TRUE,""
"210","Mov","July","pitfall","open",18,"open6",NA,NA,NA,93,0,0,0,7,100,5,"herb",TRUE,""
"211","Mov","July","pitfall","open",19,"open7",NA,NA,NA,99,1,0,0,0,100,6,"grass",TRUE,""
"212","Mov","July","pitfall","open",20,"open8",NA,NA,NA,97,1,0,0,2,100,4,"grass",TRUE,""
"213","Mov","July","pitfall","open",21,"open9",NA,NA,NA,95,0,0,0,5,100,11,"grass",TRUE,""
"214","Mov","July","pitfall","open",22,"open10",NA,NA,NA,98,0,0,0,2,100,4,"grass",TRUE,""
"215","Mov","July","pitfall","open",23,"open11",NA,NA,NA,96,0,0,0,4,100,3,"grass",TRUE,""
"216","Mov","July","pitfall","open",24,"open12",NA,NA,NA,97,0,0,0,3,100,4,"herb",TRUE,""
"217","CaS","Aug","pitfall","shrub",1,"",330,320,155,98,0,0,2,0,100,38,"grass",TRUE,""
"218","CaS","Aug","pitfall","shrub",2,"",265,240,130,97,0,2,0,1,100,17,"grass",TRUE,""
"219","CaS","Aug","pitfall","shrub",3,"",350,300,150,70,0,30,0,0,100,22,"grass",TRUE,"mushroom"
"220","CaS","Aug","pitfall","shrub",4,"",215,195,95,20,0,30,0,50,100,8,"herb",TRUE,""
"221","CaS","Aug","pitfall","shrub",5,"",600,500,190,100,0,0,0,0,100,35,"grass",TRUE,"3 big shrubs"
"222","CaS","Aug","pitfall","shrub",6,"",335,245,140,80,0,1,0,19,100,17,"grass",TRUE,""
"223","CaS","Aug","pitfall","shrub",7,"",330,260,155,91,0,0,0,9,100,41,"grass",TRUE,""
"224","CaS","Aug","pitfall","shrub",8,"",435,360,120,85,0,4,0,11,100,31,"grass",TRUE,""
"225","CaS","Aug","pitfall","shrub",9,"",340,235,115,89,0,3,0,8,100,24,"grass",TRUE,""
"226","CaS","Aug","pitfall","shrub",10,"",990,340,140,25,0,35,0,40,100,22,"herb",TRUE,"6 shrubs very close together"
"227","CaS","Aug","pitfall","shrub",11,"",475,445,170,97,0,1,0,2,100,43,"grass",TRUE,""
"228","CaS","Aug","pitfall","shrub",12,"",500,480,155,81,5,4,4,6,100,30,"grass",TRUE,""
"229","CaS","Aug","pitfall","open",1,"",NA,NA,NA,45,0,0,35,20,100,6,"herb",TRUE,""
"230","CaS","Aug","pitfall","open",2,"",NA,NA,NA,30,0,0,2,68,100,6,"herb",TRUE,""
"231","CaS","Aug","pitfall","open",3,"",NA,NA,NA,49,0,0,1,50,100,7,"herb",TRUE,""
"232","CaS","Aug","pitfall","open",4,"",NA,NA,NA,16,0,0,1,83,100,8,"herb",TRUE,""
"233","CaS","Aug","pitfall","open",5,"",NA,NA,NA,23,0,6,2,69,100,4,"grass",TRUE,""
"234","CaS","Aug","pitfall","open",6,"",NA,NA,NA,84,0,0,1,15,100,2,"grass",TRUE,""
"235","CaS","Aug","pitfall","open",7,"",NA,NA,NA,38,0,0,2,60,100,6,"grass",TRUE,""
"236","CaS","Aug","pitfall","open",8,"",NA,NA,NA,52,0,0,3,45,100,10,"grass",TRUE,""
"237","CaS","Aug","pitfall","open",9,"",NA,NA,NA,48,0,0,1,51,100,4,"grass",TRUE,""
"238","CaS","Aug","pitfall","open",10,"",NA,NA,NA,37,0,0,0,63,100,7,"herb",TRUE,""
"239","CaS","Aug","pitfall","open",11,"",NA,NA,NA,41,0,0,1,58,100,10,"herb",TRUE,""
"240","CaS","Aug","pitfall","open",12,"",NA,NA,NA,36,0,0,4,60,100,8,"herb",TRUE,""
"241","CaSl","Aug","pitfall","open",1,"shrub1",NA,NA,NA,92,0,0,0,8,100,13,"herb",TRUE,""
"242","CaSl","Aug","pitfall","open",2,"shrub2",NA,NA,NA,82,3,0,0,15,100,22,"grass",TRUE,""
"243","CaSl","Aug","pitfall","open",3,"shrub3",NA,NA,NA,95,0,2,0,3,100,8,"grass",TRUE,""
"244","CaSl","Aug","pitfall","open",4,"shrub4",NA,NA,NA,49,0,0,0,51,100,15,"grass",TRUE,""
"245","CaSl","Aug","pitfall","open",5,"shrub5",NA,NA,NA,2,0,0,0,98,100,1,"grass",TRUE,""
"246","CaSl","Aug","pitfall","open",6,"shrub6",NA,NA,NA,90,0,0,0,10,100,12,"grass",TRUE,""
"247","CaSl","Aug","pitfall","open",7,"shrub7",NA,NA,NA,15,0,0,0,85,100,3,"grass",TRUE,""
"248","CaSl","Aug","pitfall","open",8,"shrub8",NA,NA,NA,60,0,1,0,39,100,6,"grass",TRUE,""
"249","CaSl","Aug","pitfall","open",9,"shrub9",NA,NA,NA,59,0,0,1,40,100,7,"grass",TRUE,""
"250","CaSl","Aug","pitfall","open",10,"shrub10",NA,NA,NA,94,0,0,1,5,100,3,"grass",TRUE,""
"251","CaSl","Aug","pitfall","open",11,"shrub11",NA,NA,NA,95,0,0,0,5,100,66,"grass",TRUE,""
"252","CaSl","Aug","pitfall","open",12,"shrub12",NA,NA,NA,99,0,1,0,0,100,44,"grass",TRUE,""
"253","CaSl","Aug","pitfall","open",13,"open1",NA,NA,NA,62,3,0,0,35,100,10,"grass",TRUE,""
"254","CaSl","Aug","pitfall","open",14,"open2",NA,NA,NA,11,0,0,0,89,100,1,"grass",TRUE,""
"255","CaSl","Aug","pitfall","open",15,"open3",NA,NA,NA,70,4,0,0,26,100,6,"grass",TRUE,""
"256","CaSl","Aug","pitfall","open",16,"open4",NA,NA,NA,99,0,1,0,0,100,67,"grass",TRUE,""
"257","CaSl","Aug","pitfall","open",17,"open5",NA,NA,NA,50,0,0,0,50,100,11,"grass",TRUE,""
"258","CaSl","Aug","pitfall","open",18,"open6",NA,NA,NA,40,0,0,0,60,100,10,"herb",TRUE,""
"259","CaSl","Aug","pitfall","open",19,"open7",NA,NA,NA,95,0,0,0,5,100,2,"grass",TRUE,""
"260","CaSl","Aug","pitfall","open",20,"open8",NA,NA,NA,80,0,6,0,14,100,8,"grass",TRUE,""
"261","CaSl","Aug","pitfall","open",21,"open9",NA,NA,NA,75,0,0,0,25,100,4,"grass",TRUE,""
"262","CaSl","Aug","pitfall","open",22,"open10",NA,NA,NA,94,0,5,0,1,100,16,"grass",TRUE,""
"263","CaSl","Aug","pitfall","open",23,"open11",NA,NA,NA,85,0,0,0,15,100,12,"herb",TRUE,""
"264","CaSl","Aug","pitfall","open",24,"open12",NA,NA,NA,93,0,0,0,7,100,14,"grass",TRUE,""
"265","Lok","Aug","pitfall","shrub",1,"",390,250,140,100,0,0,0,0,100,30,"grass",TRUE,""
"266","Lok","Aug","pitfall","shrub",2,"",350,370,150,70,0,0,4,26,100,26,"grass",TRUE,""
"267","Lok","Aug","pitfall","shrub",3,"",120,90,100,94,0,0,0,6,100,28,"grass",TRUE,""
"268","Lok","Aug","pitfall","shrub",4,"",250,210,140,80,0,0,0,20,100,26,"grass",TRUE,""
"269","Lok","Aug","pitfall","shrub",5,"",390,310,155,96,0,1,0,3,100,29,"grass",TRUE,""
"270","Lok","Aug","pitfall","shrub",6,"",450,200,180,45,0,0,0,55,100,16,"grass",TRUE,""
"271","Lok","Aug","pitfall","shrub",7,"",320,210,120,90,0,0,0,10,100,24,"grass",TRUE,""
"272","Lok","Aug","pitfall","shrub",8,"",180,150,105,97,0,0,0,3,100,24,"grass",TRUE,"Two shrubs very close together"
"273","Lok","Aug","pitfall","shrub",9,"",110,75,145,65,0,0,0,35,100,22,"grass",TRUE,""
"274","Lok","Aug","pitfall","shrub",10,"",180,155,120,98,0,0,0,2,100,16,"grass",TRUE,""
"275","Lok","Aug","pitfall","shrub",11,"",245,140,100,42,0,0,0,58,100,12,"grass",TRUE,""
"276","Lok","Aug","pitfall","shrub",12,"",190,150,130,45,0,0,0,55,100,19,"grass",TRUE,""
"277","Lok","Aug","pitfall","open",1,"",NA,NA,NA,85,0,0,3,12,100,18,"herb",TRUE,""
"278","Lok","Aug","pitfall","open",2,"",NA,NA,NA,12,0,0,30,58,100,26,"herb",TRUE,""
"279","Lok","Aug","pitfall","open",3,"",NA,NA,NA,50,0,0,1,49,100,27,"grass",TRUE,""
"280","Lok","Aug","pitfall","open",4,"",NA,NA,NA,96,0,1,0,3,100,29,"grass",TRUE,""
"281","Lok","Aug","pitfall","open",5,"",NA,NA,NA,30,0,0,0,70,100,22,"herb",TRUE,""
"282","Lok","Aug","pitfall","open",6,"",NA,NA,NA,6,2,0,1,91,100,7,"grass",TRUE,""
"283","Lok","Aug","pitfall","open",7,"",NA,NA,NA,80,0,0,1,19,100,17,"herb",TRUE,""
"284","Lok","Aug","pitfall","open",8,"",NA,NA,NA,87,0,0,0,13,100,25,"herb",TRUE,""
"285","Lok","Aug","pitfall","open",9,"",NA,NA,NA,60,0,0,1,39,100,14,"herb",TRUE,""
"286","Lok","Aug","pitfall","open",10,"",NA,NA,NA,15,0,0,15,70,100,7,"herb",TRUE,""
"287","Lok","Aug","pitfall","open",11,"",NA,NA,NA,0,0,0,2,98,100,0,NA,NA,""
"288","Lok","Aug","pitfall","open",12,"",NA,NA,NA,15,3,1,50,31,100,20,"grass",TRUE,""
"289","SemiT","Aug","pitfall","shrub",1,"",190,185,100,99,0,0,0,1,100,19,"grass",TRUE,""
"290","SemiT","Aug","pitfall","shrub",2,"",130,105,100,13,0,0,0,87,100,7,"herb",TRUE,""
"291","SemiT","Aug","pitfall","shrub",3,"",160,160,110,94,0,2,0,4,100,15,"grass",TRUE,""
"292","SemiT","Aug","pitfall","shrub",4,"",205,190,95,100,0,0,0,0,100,16,"grass",TRUE,""
"293","SemiT","Aug","pitfall","shrub",5,"",105,95,85,99,0,1,0,0,100,15,"grass",TRUE,""
"294","SemiT","Aug","pitfall","shrub",6,"",180,170,90,100,0,0,0,0,100,22,"grass",TRUE,""
"295","SemiT","Aug","pitfall","shrub",7,"",230,225,110,100,0,0,0,0,100,25,"grass",TRUE,""
"296","SemiT","Aug","pitfall","shrub",8,"",255,170,90,98,0,0,1,1,100,17,"grass",TRUE,""
"297","SemiT","Aug","pitfall","shrub",9,"",300,260,105,96,0,0,0,4,100,16,"grass",TRUE,""
"298","SemiT","Aug","pitfall","shrub",10,"",280,260,105,92,0,8,0,0,100,23,"grass",TRUE,""
"299","SemiT","Aug","pitfall","shrub",11,"",305,295,125,90,0,0,0,10,100,19,"grass",TRUE,""
"300","SemiT","Aug","pitfall","shrub",12,"",180,155,95,80,0,0,0,20,100,19,"grass",TRUE,""
"301","SemiT","Aug","pitfall","open",1,"",NA,NA,NA,50,0,0,0,50,100,7,"herb",TRUE,""
"302","SemiT","Aug","pitfall","open",2,"",NA,NA,NA,7,0,1,0,92,100,11,"herb",TRUE,""
"303","SemiT","Aug","pitfall","open",3,"",NA,NA,NA,40,0,0,0,60,100,4,"herb",TRUE,""
"304","SemiT","Aug","pitfall","open",4,"",NA,NA,NA,96,0,2,0,2,100,15,"herb",TRUE,""
"305","SemiT","Aug","pitfall","open",5,"",NA,NA,NA,15,0,15,0,70,100,3,"herb",TRUE,""
"306","SemiT","Aug","pitfall","open",6,"",NA,NA,NA,65,0,0,0,35,100,5,"herb",TRUE,""
"307","SemiT","Aug","pitfall","open",7,"",NA,NA,NA,50,0,0,0,50,100,6,"herb",TRUE,""
"308","SemiT","Aug","pitfall","open",8,"",NA,NA,NA,85,0,0,0,15,100,22,"herb",TRUE,""
"309","SemiT","Aug","pitfall","open",9,"",NA,NA,NA,25,0,8,0,67,100,11,"herb",TRUE,""
"310","SemiT","Aug","pitfall","open",10,"",NA,NA,NA,96,0,1,0,3,100,11,"herb",TRUE,""
"311","SemiT","Aug","pitfall","open",11,"",NA,NA,NA,6,0,0,0,94,100,8,"herb",TRUE,""
"312","SemiT","Aug","pitfall","open",12,"",NA,NA,NA,0,0,0,0,100,100,NA,NA,NA,""
"313","Coal","Aug","pitfall","open",1,"shrub1",NA,NA,NA,100,0,0,0,0,100,14,"grass",TRUE,""
"314","Coal","Aug","pitfall","open",2,"shrub2",NA,NA,NA,97,3,0,0,0,100,20,"grass",TRUE,""
"315","Coal","Aug","pitfall","open",3,"shrub3",NA,NA,NA,100,0,0,0,0,100,21,"grass",TRUE,""
"316","Coal","Aug","pitfall","open",4,"shrub4",NA,NA,NA,0,0,1,3,96,100,NA,NA,NA,""
"317","Coal","Aug","pitfall","open",5,"shrub5",NA,NA,NA,10,9,1,0,80,100,34,"grass",TRUE,""
"318","Coal","Aug","pitfall","open",6,"shrub6",NA,NA,NA,67,2,1,0,30,100,16,"grass",TRUE,""
"319","Coal","Aug","pitfall","open",7,"shrub7",NA,NA,NA,98,2,0,0,0,100,15,"grass",TRUE,""
"320","Coal","Aug","pitfall","open",8,"shrub8",NA,NA,NA,91,9,0,0,0,100,16,"grass",TRUE,""
"321","Coal","Aug","pitfall","open",9,"shrub9",NA,NA,NA,99,0,1,0,0,100,24,"grass",TRUE,""
"322","Coal","Aug","pitfall","open",10,"shrub10",NA,NA,NA,95,2,1,0,2,100,24,"grass",TRUE,""
"323","Coal","Aug","pitfall","open",11,"shrub11",NA,NA,NA,79,0,0,1,20,100,12,"grass",TRUE,""
"324","Coal","Aug","pitfall","open",12,"shrub12",NA,NA,NA,54,5,1,0,40,100,13,"grass",TRUE,""
"325","Coal","Aug","pitfall","open",13,"open1",NA,NA,NA,88,8,2,0,2,100,20,"grass",TRUE,""
"326","Coal","Aug","pitfall","open",14,"open2",NA,NA,NA,97,1,0,0,2,100,20,"grass",TRUE,""
"327","Coal","Aug","pitfall","open",15,"open3",NA,NA,NA,99,0,1,0,0,100,13,"grass",TRUE,""
"328","Coal","Aug","pitfall","open",16,"open4",NA,NA,NA,0,0,0,1,99,100,NA,NA,NA,""
"329","Coal","Aug","pitfall","open",17,"open5",NA,NA,NA,97,2,0,0,1,100,6,"grass",TRUE,""
"330","Coal","Aug","pitfall","open",18,"open6",NA,NA,NA,94,6,0,0,0,100,32,"grass",TRUE,""
"331","Coal","Aug","pitfall","open",19,"open7",NA,NA,NA,99,1,0,0,0,100,17,"herb",TRUE,""
"332","Coal","Aug","pitfall","open",20,"open8",NA,NA,NA,96,0,0,0,4,100,20,"grass",TRUE,""
"333","Coal","Aug","pitfall","open",21,"open9",NA,NA,NA,76,3,10,1,10,100,13,"grass",TRUE,""
"334","Coal","Aug","pitfall","open",22,"open10",NA,NA,NA,3,0,0,15,82,100,2,"herb",TRUE,""
"335","Coal","Aug","pitfall","open",23,"open11",NA,NA,NA,72,2,1,1,24,100,12,"herb",TRUE,""
"336","Coal","Aug","pitfall","open",24,"open12",NA,NA,NA,86,0,0,1,13,100,7,"herb",TRUE,""
"337","Aven","Aug","pitfall","shrub",1,"",305,190,150,100,0,0,0,0,100,49,"grass",TRUE,""
"338","Aven","Aug","pitfall","shrub",2,"",130,115,120,100,0,0,0,0,100,32,"grass",TRUE,""
"339","Aven","Aug","pitfall","shrub",3,"",215,170,105,100,0,0,0,0,100,33,"grass",TRUE,""
"340","Aven","Aug","pitfall","shrub",4,"",140,120,110,20,0,20,2,58,100,29,"grass",TRUE,""
"341","Aven","Aug","pitfall","shrub",5,"",360,235,160,38,0,4,0,58,100,36,"grass",TRUE,""
"342","Aven","Aug","pitfall","shrub",6,"",290,210,95,89,0,4,3,4,100,24,"grass",TRUE,""
"343","Aven","Aug","pitfall","shrub",7,"",200,160,145,100,0,0,0,0,100,27,"grass",TRUE,""
"344","Aven","Aug","pitfall","shrub",8,"",385,220,145,80,0,20,0,0,100,28,"grass",TRUE,""
"345","Aven","Aug","pitfall","shrub",9,"",370,285,160,100,0,0,0,0,100,42,"grass",TRUE,""
"346","Aven","Aug","pitfall","shrub",10,"",300,230,165,95,0,5,0,0,100,33,"grass",TRUE,""
"347","Aven","Aug","pitfall","shrub",11,"",220,170,140,100,0,0,0,0,100,27,"grass",TRUE,""
"348","Aven","Aug","pitfall","shrub",12,"",230,170,155,100,0,0,0,0,100,20,"grass",TRUE,""
"349","Aven","Aug","pitfall","open",1,"",NA,NA,NA,100,0,0,0,0,100,25,"grass",TRUE,""
"350","Aven","Aug","pitfall","open",2,"",NA,NA,NA,90,0,10,0,0,100,56,"grass",TRUE,""
"351","Aven","Aug","pitfall","open",3,"",NA,NA,NA,97,0,0,0,3,100,50,"grass",TRUE,""
"352","Aven","Aug","pitfall","open",4,"",NA,NA,NA,3,0,0,12,85,100,9,"grass",TRUE,""
"353","Aven","Aug","pitfall","open",5,"",NA,NA,NA,0,0,3,15,82,100,NA,NA,NA,""
"354","Aven","Aug","pitfall","open",6,"",NA,NA,NA,0,0,0,6,94,100,NA,NA,NA,""
"355","Aven","Aug","pitfall","open",7,"",NA,NA,NA,19,4,0,7,70,100,9,"herb",TRUE,""
"356","Aven","Aug","pitfall","open",8,"",NA,NA,NA,16,0,5,0,79,100,11,"herb",TRUE,""
"357","Aven","Aug","pitfall","open",9,"",NA,NA,NA,96,0,0,0,4,100,8,"herb",TRUE,""
"358","Aven","Aug","pitfall","open",10,"",NA,NA,NA,100,0,0,0,0,100,29,"grass",TRUE,""
"359","Aven","Aug","pitfall","open",11,"",NA,NA,NA,100,0,0,0,0,100,33,"grass",TRUE,""
"360","Aven","Aug","pitfall","open",12,"",NA,NA,NA,16,0,0,6,78,100,10,"herb",TRUE,""
"361","SiCr","Aug","pitfall","shrub",1,"",295,290,150,100,0,0,0,0,100,33,"grass",TRUE,""
"362","SiCr","Aug","pitfall","shrub",2,"",480,390,200,95,0,5,0,0,100,20,"grass",TRUE,""
"363","SiCr","Aug","pitfall","shrub",3,"",310,295,160,100,0,0,0,0,100,3,"grass",TRUE,""
"364","SiCr","Aug","pitfall","shrub",4,"",225,125,145,50,0,50,0,0,100,10,"grass",TRUE,""
"365","SiCr","Aug","pitfall","shrub",5,"",370,280,145,95,0,0,3,2,100,7,"grass",TRUE,""
"366","SiCr","Aug","pitfall","shrub",6,"",385,340,160,75,0,25,0,0,100,8,"grass",TRUE,""
"367","SiCr","Aug","pitfall","shrub",7,"",320,270,170,90,0,5,0,5,100,18,"grass",TRUE,""
"368","SiCr","Aug","pitfall","shrub",8,"",250,245,140,90,0,0,0,10,100,11,"grass",TRUE,""
"369","SiCr","Aug","pitfall","shrub",9,"",285,225,135,96,0,2,0,2,100,1,"grass",TRUE,""
"370","SiCr","Aug","pitfall","shrub",10,"",280,220,170,50,0,10,0,40,100,9,"grass",TRUE,""
"371","SiCr","Aug","pitfall","shrub",11,"",130,125,135,30,0,0,0,70,100,7,"grass",TRUE,""
"372","SiCr","Aug","pitfall","shrub",12,"",380,325,170,100,0,0,0,0,100,11,"grass",TRUE,""
"373","SiCr","Aug","pitfall","open",1,"",NA,NA,NA,100,0,0,0,0,100,12,"grass",TRUE,""
"374","SiCr","Aug","pitfall","open",2,"",NA,NA,NA,40,0,0,0,60,100,3,"grass",TRUE,""
"375","SiCr","Aug","pitfall","open",3,"",NA,NA,NA,20,0,10,0,70,100,2,"grass",TRUE,""
"376","SiCr","Aug","pitfall","open",4,"",NA,NA,NA,40,0,0,0,60,100,7,"grass",TRUE,""
"377","SiCr","Aug","pitfall","open",5,"",NA,NA,NA,50,0,0,0,50,100,1,"grass",TRUE,""
"378","SiCr","Aug","pitfall","open",6,"",NA,NA,NA,30,0,0,0,70,100,5,"grass",TRUE,""
"379","SiCr","Aug","pitfall","open",7,"",NA,NA,NA,90,0,0,0,10,100,4,"grass",TRUE,""
"380","SiCr","Aug","pitfall","open",8,"",NA,NA,NA,80,0,2,0,18,100,3,"grass",TRUE,""
"381","SiCr","Aug","pitfall","open",9,"",NA,NA,NA,75,0,0,0,25,100,1,"grass",TRUE,""
"382","SiCr","Aug","pitfall","open",10,"",NA,NA,NA,100,0,0,0,0,100,12,"grass",TRUE,""
"383","SiCr","Aug","pitfall","open",11,"",NA,NA,NA,50,0,0,0,50,100,1,"grass",TRUE,""
"384","SiCr","Aug","pitfall","open",12,"",NA,NA,NA,5,0,0,0,95,100,1,"grass",TRUE,""
"385","PaPl","Aug","pitfall","shrub",1,"",295,255,165,100,0,0,0,0,100,30,"grass",TRUE,""
"386","PaPl","Aug","pitfall","shrub",2,"",200,145,80,100,0,0,0,0,100,22,"grass",TRUE,""
"387","PaPl","Aug","pitfall","shrub",3,"",290,270,140,100,0,0,0,0,100,44,"grass",TRUE,""
"388","PaPl","Aug","pitfall","shrub",4,"",260,250,135,100,0,0,0,0,100,24,"grass",TRUE,""
"389","PaPl","Aug","pitfall","shrub",5,"",210,180,105,92,0,0,0,8,100,36,"grass",TRUE,""
"390","PaPl","Aug","pitfall","shrub",6,"",330,210,95,100,0,0,0,0,100,34,"grass",TRUE,""
"391","PaPl","Aug","pitfall","shrub",7,"",340,290,90,95,0,4,0,1,100,37,"grass",TRUE,""
"392","PaPl","Aug","pitfall","shrub",8,"",250,190,110,95,5,0,0,0,100,23,"grass",TRUE,""
"393","PaPl","Aug","pitfall","shrub",9,"",310,240,110,98,0,2,0,0,100,44,"grass",TRUE,""
"394","PaPl","Aug","pitfall","shrub",10,"",350,260,115,95,0,5,0,0,100,36,"grass",TRUE,""
"395","PaPl","Aug","pitfall","shrub",11,"",370,330,130,96,0,4,0,0,100,23,"grass",TRUE,""
"396","PaPl","Aug","pitfall","shrub",12,"",300,250,120,87,10,3,0,0,100,36,"grass",TRUE,""
"397","PaPl","Aug","pitfall","open",1,"",NA,NA,NA,100,0,0,0,0,100,22,"grass",TRUE,""
"398","PaPl","Aug","pitfall","open",2,"",NA,NA,NA,99,0,0,1,0,100,15,"grass",TRUE,""
"399","PaPl","Aug","pitfall","open",3,"",NA,NA,NA,98,0,0,0,2,100,26,"grass",TRUE,""
"400","PaPl","Aug","pitfall","open",4,"",NA,NA,NA,98,0,0,0,2,100,16,"grass",TRUE,""
"401","PaPl","Aug","pitfall","open",5,"",NA,NA,NA,100,0,0,0,0,100,15,"grass",TRUE,""
"402","PaPl","Aug","pitfall","open",6,"",NA,NA,NA,100,0,0,0,0,100,22,"grass",TRUE,""
"403","PaPl","Aug","pitfall","open",7,"",NA,NA,NA,99,0,0,0,1,100,18,"grass",TRUE,""
"404","PaPl","Aug","pitfall","open",8,"",NA,NA,NA,95,0,0,5,0,100,28,"grass",TRUE,""
"405","PaPl","Aug","pitfall","open",9,"",NA,NA,NA,100,0,0,0,0,100,25,"grass",TRUE,""
"406","PaPl","Aug","pitfall","open",10,"",NA,NA,NA,60,0,0,10,30,100,16,"grass",TRUE,""
"407","PaPl","Aug","pitfall","open",11,"",NA,NA,NA,77,0,0,20,3,100,22,"grass",TRUE,""
"408","PaPl","Aug","pitfall","open",12,"",NA,NA,NA,96,0,0,4,0,100,17,"grass",TRUE,""
"409","Mov","Aug","pitfall","open",1,"shrub1",NA,NA,NA,90,0,0,0,10,100,14,"grass",TRUE,""
"410","Mov","Aug","pitfall","open",2,"shrub2",NA,NA,NA,92,0,0,0,8,100,27,"grass",TRUE,""
"411","Mov","Aug","pitfall","open",3,"shrub3",NA,NA,NA,84,0,1,0,15,100,11,"grass",TRUE,""
"412","Mov","Aug","pitfall","open",4,"shrub4",NA,NA,NA,85,0,0,0,15,100,12,"grass",TRUE,""
"413","Mov","Aug","pitfall","open",5,"shrub5",NA,NA,NA,50,1,0,0,49,100,9,"grass",TRUE,""
"414","Mov","Aug","pitfall","open",6,"shrub6",NA,NA,NA,40,0,0,0,60,100,11,"grass",TRUE,""
"415","Mov","Aug","pitfall","open",7,"shrub7",NA,NA,NA,35,0,0,0,65,100,12,"grass",TRUE,"cow dung"
"416","Mov","Aug","pitfall","open",8,"shrub8",NA,NA,NA,90,0,0,0,10,100,18,"grass",TRUE,"cow dung"
"417","Mov","Aug","pitfall","open",9,"shrub9",NA,NA,NA,95,0,0,0,5,100,4,"grass",TRUE,""
"418","Mov","Aug","pitfall","open",10,"shrub10",NA,NA,NA,75,0,0,0,25,100,19,"grass",TRUE,"cow dung"
"419","Mov","Aug","pitfall","open",11,"shrub11",NA,NA,NA,70,0,0,0,30,100,10,"grass",TRUE,""
"420","Mov","Aug","pitfall","open",12,"shrub12",NA,NA,NA,65,0,0,0,35,100,10,"grass",TRUE,"cow dung"
"421","Mov","Aug","pitfall","open",13,"open1",NA,NA,NA,50,0,0,0,50,100,15,"grass",TRUE,""
"422","Mov","Aug","pitfall","open",14,"open2",NA,NA,NA,80,0,0,0,20,100,15,"grass",TRUE,"cow dung"
"423","Mov","Aug","pitfall","open",15,"open3",NA,NA,NA,90,0,0,0,10,100,8,"grass",TRUE,"cow dung"
"424","Mov","Aug","pitfall","open",16,"open4",NA,NA,NA,50,0,0,0,50,100,5,"grass",TRUE,""
"425","Mov","Aug","pitfall","open",17,"open5",NA,NA,NA,40,0,0,0,60,100,13,"grass",TRUE,""
"426","Mov","Aug","pitfall","open",18,"open6",NA,NA,NA,50,0,0,0,50,100,10,"grass",TRUE,""
"427","Mov","Aug","pitfall","open",19,"open7",NA,NA,NA,55,0,0,0,45,100,13,"grass",TRUE,""
"428","Mov","Aug","pitfall","open",20,"open8",NA,NA,NA,85,0,0,0,15,100,8,"grass",TRUE,"cow dung"
"429","Mov","Aug","pitfall","open",21,"open9",NA,NA,NA,80,0,0,0,20,100,13,"grass",TRUE,""
"430","Mov","Aug","pitfall","open",22,"open10",NA,NA,NA,95,0,0,0,5,100,15,"grass",TRUE,""
"431","Mov","Aug","pitfall","open",23,"open11",NA,NA,NA,65,0,0,0,35,100,14,"grass",TRUE,""
"432","Mov","Aug","pitfall","open",24,"open12",NA,NA,NA,90,0,0,0,10,100,14,"grass",TRUE,""
"433","CaS","Sept","pitfall","shrub",1,"",280,200,110,50,0,6,2,42,100,22,"grass",TRUE,""
"434","CaS","Sept","pitfall","shrub",2,"",490,370,160,94,0,5,1,0,100,19,"grass",TRUE,"3 shrub cluster"
"435","CaS","Sept","pitfall","shrub",3,"",260,190,100,46,0,3,5,46,100,15,"grass",TRUE,""
"436","CaS","Sept","pitfall","shrub",4,"",380,240,150,78,0,15,2,5,100,10,"grass",TRUE,""
"437","CaS","Sept","pitfall","shrub",5,"",160,130,120,35,0,15,35,15,100,12,"grass",TRUE,""
"438","CaS","Sept","pitfall","shrub",6,"",380,330,150,40,0,45,15,0,100,28,"grass",TRUE,""
"439","CaS","Sept","pitfall","shrub",7,"",500,160,100,90,0,5,5,0,100,20,"grass",TRUE,"3 shrub cluster"
"440","CaS","Sept","pitfall","shrub",8,"",280,230,180,77,0,10,3,10,100,24,"grass",TRUE,""
"441","CaS","Sept","pitfall","shrub",9,"",420,400,140,0,0,7,25,68,100,NA,NA,NA,""
"442","CaS","Sept","pitfall","shrub",10,"",300,290,110,22,0,4,12,62,100,12,"grass",TRUE,""
"443","CaS","Sept","pitfall","shrub",11,"",440,400,180,42,0,3,12,43,100,9,"grass",TRUE,""
"444","CaS","Sept","pitfall","shrub",12,"",360,340,90,65,0,25,4,6,100,21,"grass",TRUE,""
"445","CaS","Sept","pitfall","open",1,"",NA,NA,NA,20,0,2,20,58,100,8,"herb",TRUE,""
"446","CaS","Sept","pitfall","open",2,"",NA,NA,NA,10,0,3,7,80,100,11,"grass",TRUE,""
"447","CaS","Sept","pitfall","open",3,"",NA,NA,NA,50,0,10,9,31,100,12,"grass",TRUE,""
"448","CaS","Sept","pitfall","open",4,"",NA,NA,NA,20,0,3,17,60,100,9,"herb",TRUE,""
"449","CaS","Sept","pitfall","open",5,"",NA,NA,NA,18,0,4,13,65,100,17,"herb",TRUE,""
"450","CaS","Sept","pitfall","open",6,"",NA,NA,NA,24,0,6,55,15,100,5,"herb",TRUE,""
"451","CaS","Sept","pitfall","open",7,"",NA,NA,NA,22,0,0,25,53,100,7,"grass",TRUE,""
"452","CaS","Sept","pitfall","open",8,"",NA,NA,NA,27,0,2,10,61,100,6,"herb",TRUE,""
"453","CaS","Sept","pitfall","open",9,"",NA,NA,NA,23,0,1,32,44,100,9,"grass",TRUE,""
"454","CaS","Sept","pitfall","open",10,"",NA,NA,NA,10,0,32,29,29,100,6,"grass",TRUE,""
"455","CaS","Sept","pitfall","open",11,"",NA,NA,NA,35,0,4,45,16,100,14,"grass",TRUE,""
"456","CaS","Sept","pitfall","open",12,"",NA,NA,NA,47,0,7,6,40,100,14,"herb",TRUE,""
"457","CaSl","Sept","pitfall","open",1,"shrub1",NA,NA,NA,63,0,7,5,25,100,19,"grass",TRUE,""
"458","CaSl","Sept","pitfall","open",2,"shrub2",NA,NA,NA,10,0,30,15,45,100,4,"grass",TRUE,""
"459","CaSl","Sept","pitfall","open",3,"shrub3",NA,NA,NA,15,0,30,20,35,100,3,"grass",TRUE,""
"460","CaSl","Sept","pitfall","open",4,"shrub4",NA,NA,NA,2,0,35,35,28,100,5,"grass",TRUE,""
"461","CaSl","Sept","pitfall","open",5,"shrub5",NA,NA,NA,75,0,10,10,5,100,12,"grass",TRUE,""
"462","CaSl","Sept","pitfall","open",6,"shrub6",NA,NA,NA,45,0,20,15,20,100,27,"herb",TRUE,""
"463","CaSl","Sept","pitfall","open",7,"shrub7",NA,NA,NA,40,0,4,6,50,100,16,"grass",TRUE,""
"464","CaSl","Sept","pitfall","open",8,"shrub8",NA,NA,NA,1,0,2,7,90,100,1,"grass",TRUE,""
"465","CaSl","Sept","pitfall","open",9,"shrub9",NA,NA,NA,0,0,25,10,65,100,NA,NA,NA,""
"466","CaSl","Sept","pitfall","open",10,"shrub10",NA,NA,NA,70,0,25,0,5,100,21,"grass",TRUE,""
"467","CaSl","Sept","pitfall","open",11,"shrub11",NA,NA,NA,49,0,10,1,40,100,18,"herb",TRUE,""
"468","CaSl","Sept","pitfall","open",12,"shrub12",NA,NA,NA,6,0,65,4,25,100,5,"grass",TRUE,""
"469","CaSl","Sept","pitfall","open",13,"open1",NA,NA,NA,2,0,1,20,77,100,3,"grass",TRUE,""
"470","CaSl","Sept","pitfall","open",14,"open2",NA,NA,NA,1,0,30,8,61,100,6,"grass",TRUE,""
"471","CaSl","Sept","pitfall","open",15,"open3",NA,NA,NA,30,0,17,3,50,100,28,"herb",TRUE,""
"472","CaSl","Sept","pitfall","open",16,"open4",NA,NA,NA,1,0,93,3,3,100,3,"grass",TRUE,""
"473","CaSl","Sept","pitfall","open",17,"open5",NA,NA,NA,37,0,10,8,45,100,28,"grass",TRUE,""
"474","CaSl","Sept","pitfall","open",18,"open6",NA,NA,NA,60,0,5,2,33,100,32,"grass",TRUE,""
"475","CaSl","Sept","pitfall","open",19,"open7",NA,NA,NA,15,0,48,2,35,100,17,"grass",TRUE,""
"476","CaSl","Sept","pitfall","open",20,"open8",NA,NA,NA,20,0,52,5,23,100,20,"grass",TRUE,""
"477","CaSl","Sept","pitfall","open",21,"open9",NA,NA,NA,48,0,15,4,33,100,10,"grass",TRUE,""
"478","CaSl","Sept","pitfall","open",22,"open10",NA,NA,NA,30,0,15,2,53,100,27,"grass",TRUE,""
"479","CaSl","Sept","pitfall","open",23,"open11",NA,NA,NA,5,0,8,8,79,100,2,"grass",TRUE,""
"480","CaSl","Sept","pitfall","open",24,"open12",NA,NA,NA,20,0,35,1,44,100,11,"grass",TRUE,""
"481","Lok","Sept","pitfall","shrub",1,"",320,250,120,70,0,0,1,29,100,30,"grass",TRUE,""
"482","Lok","Sept","pitfall","shrub",2,"",260,250,120,100,0,0,0,0,100,39,"grass",TRUE,""
"483","Lok","Sept","pitfall","shrub",3,"",180,170,140,100,0,0,0,0,100,37,"grass",TRUE,""
"484","Lok","Sept","pitfall","shrub",4,"",400,390,130,98,0,0,0,2,100,22,"grass",TRUE,""
"485","Lok","Sept","pitfall","shrub",5,"",320,240,100,98,0,1,0,1,100,23,"grass",TRUE,""
"486","Lok","Sept","pitfall","shrub",6,"",210,140,90,90,0,0,0,10,100,32,"grass",TRUE,""
"487","Lok","Sept","pitfall","shrub",7,"",340,280,170,100,0,0,0,0,100,24,"grass",TRUE,""
"488","Lok","Sept","pitfall","shrub",8,"",390,320,110,88,0,0,0,12,100,29,"grass",TRUE,""
"489","Lok","Sept","pitfall","shrub",9,"",360,190,110,99,0,1,0,0,100,35,"grass",TRUE,""
"490","Lok","Sept","pitfall","shrub",10,"",300,240,170,8,0,2,1,89,100,23,"grass",TRUE,""
"491","Lok","Sept","pitfall","shrub",11,"",260,220,130,100,0,0,0,0,100,32,"grass",TRUE,""
"492","Lok","Sept","pitfall","shrub",12,"",190,170,80,45,0,3,2,50,100,13,"grass",TRUE,""
"493","Lok","Sept","pitfall","open",1,"",NA,NA,NA,65,20,2,2,11,100,15,"herb",TRUE,""
"494","Lok","Sept","pitfall","open",2,"",NA,NA,NA,91,0,7,0,2,100,17,"grass",TRUE,""
"495","Lok","Sept","pitfall","open",3,"",NA,NA,NA,22,0,0,2,76,100,12,"grass",TRUE,""
"496","Lok","Sept","pitfall","open",4,"",NA,NA,NA,55,0,4,5,36,100,23,"grass",TRUE,""
"497","Lok","Sept","pitfall","open",5,"",NA,NA,NA,86,0,7,1,6,100,29,"herb",TRUE,""
"498","Lok","Sept","pitfall","open",6,"",NA,NA,NA,16,0,0,7,77,100,13,"grass",TRUE,""
"499","Lok","Sept","pitfall","open",7,"",NA,NA,NA,13,0,0,3,84,100,14,"herb",TRUE,""
"500","Lok","Sept","pitfall","open",8,"",NA,NA,NA,46,0,0,4,50,100,14,"herb",TRUE,""
"501","Lok","Sept","pitfall","open",9,"",NA,NA,NA,85,0,5,0,10,100,8,"herb",TRUE,""
"502","Lok","Sept","pitfall","open",10,"",NA,NA,NA,19,0,0,6,75,100,16,"grass",TRUE,""
"503","Lok","Sept","pitfall","open",11,"",NA,NA,NA,10,0,0,10,80,100,4,"grass",TRUE,""
"504","Lok","Sept","pitfall","open",12,"",NA,NA,NA,30,0,0,5,65,100,7,"grass",TRUE,""
"505","SemiT","Sept","pitfall","shrub",1,"",180,170,120,35,0,60,0,5,100,30,"grass",TRUE,""
"506","SemiT","Sept","pitfall","shrub",2,"",170,140,100,78,0,2,0,20,100,26,"grass",TRUE,""
"507","SemiT","Sept","pitfall","shrub",3,"",220,160,100,97,0,2,0,1,100,37,"grass",TRUE,""
"508","SemiT","Sept","pitfall","shrub",4,"",200,180,130,5,0,0,0,95,100,15,"grass",TRUE,""
"509","SemiT","Sept","pitfall","shrub",5,"",210,200,120,23,0,0,0,77,100,22,"grass",TRUE,""
"510","SemiT","Sept","pitfall","shrub",6,"",230,220,140,65,0,8,0,27,100,24,"grass",TRUE,""
"511","SemiT","Sept","pitfall","shrub",7,"",140,140,100,5,0,0,0,95,100,10,"grass",TRUE,""
"512","SemiT","Sept","pitfall","shrub",8,"",120,100,80,45,0,1,0,54,100,28,"grass",TRUE,""
"513","SemiT","Sept","pitfall","shrub",9,"",250,220,130,90,0,0,0,10,100,24,"grass",TRUE,""
"514","SemiT","Sept","pitfall","shrub",10,"",230,200,120,80,0,0,0,20,100,15,"grass",TRUE,""
"515","SemiT","Sept","pitfall","shrub",11,"",220,180,110,25,0,1,0,74,100,14,"grass",TRUE,""
"516","SemiT","Sept","pitfall","shrub",12,"",160,150,110,20,0,0,0,80,100,11,"grass",TRUE,""
"517","SemiT","Sept","pitfall","open",1,"",NA,NA,NA,45,0,0,0,55,100,26,"herb",TRUE,""
"518","SemiT","Sept","pitfall","open",2,"",NA,NA,NA,99,0,0,0,1,100,25,"grass",TRUE,""
"519","SemiT","Sept","pitfall","open",3,"",NA,NA,NA,98,0,0,0,2,100,19,"herb",TRUE,""
"520","SemiT","Sept","pitfall","open",4,"",NA,NA,NA,6,0,0,0,94,100,5,"herb",TRUE,""
"521","SemiT","Sept","pitfall","open",5,"",NA,NA,NA,7,0,1,0,92,100,4,"herb",TRUE,""
"522","SemiT","Sept","pitfall","open",6,"",NA,NA,NA,72,0,3,0,25,100,16,"herb",TRUE,""
"523","SemiT","Sept","pitfall","open",7,"",NA,NA,NA,98,0,0,0,2,100,29,"herb",TRUE,""
"524","SemiT","Sept","pitfall","open",8,"",NA,NA,NA,97,0,2,0,1,100,15,"herb",TRUE,""
"525","SemiT","Sept","pitfall","open",9,"",NA,NA,NA,96,0,2,0,2,100,37,"grass",TRUE,""
"526","SemiT","Sept","pitfall","open",10,"",NA,NA,NA,50,0,0,0,50,100,8,"herb",TRUE,""
"527","SemiT","Sept","pitfall","open",11,"",NA,NA,NA,100,0,0,0,0,100,30,"grass",TRUE,""
"528","SemiT","Sept","pitfall","open",12,"",NA,NA,NA,85,0,0,0,15,100,10,"herb",TRUE,""
"529","Coal","Sept","pitfall","open",1,"shrub1",NA,NA,NA,96,2,0,2,0,100,8,"grass",TRUE,""
"530","Coal","Sept","pitfall","open",2,"shrub2",NA,NA,NA,94,1,0,0,5,100,9,"grass",TRUE,""
"531","Coal","Sept","pitfall","open",3,"shrub3",NA,NA,NA,99,0,1,0,0,100,13,"grass",TRUE,""
"532","Coal","Sept","pitfall","open",4,"shrub4",NA,NA,NA,95,5,0,0,0,100,11,"grass",TRUE,""
"533","Coal","Sept","pitfall","open",5,"shrub5",NA,NA,NA,95,0,0,0,5,100,13,"grass",TRUE,""
"534","Coal","Sept","pitfall","open",6,"shrub6",NA,NA,NA,90,5,0,0,5,100,15,"grass",TRUE,""
"535","Coal","Sept","pitfall","open",7,"shrub7",NA,NA,NA,95,0,0,0,5,100,10,"grass",TRUE,""
"536","Coal","Sept","pitfall","open",8,"shrub8",NA,NA,NA,85,5,0,0,10,100,18,"grass",TRUE,""
"537","Coal","Sept","pitfall","open",9,"shrub9",NA,NA,NA,70,5,0,10,15,100,5,"grass",TRUE,"cow dung"
"538","Coal","Sept","pitfall","open",10,"shrub10",NA,NA,NA,70,5,0,10,15,100,9,"grass",TRUE,""
"539","Coal","Sept","pitfall","open",11,"shrub11",NA,NA,NA,80,10,0,5,5,100,11,"grass",TRUE,""
"540","Coal","Sept","pitfall","open",12,"shrub12",NA,NA,NA,96,0,0,2,2,100,8,"grass",TRUE,""
"541","Coal","Sept","pitfall","open",13,"open1",NA,NA,NA,90,0,0,0,10,100,21,"grass",TRUE,""
"542","Coal","Sept","pitfall","open",14,"open2",NA,NA,NA,96,2,2,0,0,100,12,"grass",TRUE,""
"543","Coal","Sept","pitfall","open",15,"open3",NA,NA,NA,97,0,1,0,2,100,8,"grass",TRUE,""
"544","Coal","Sept","pitfall","open",16,"open4",NA,NA,NA,100,0,0,0,0,100,15,"grass",TRUE,""
"545","Coal","Sept","pitfall","open",17,"open5",NA,NA,NA,98,0,0,0,2,100,17,"grass",TRUE,"cow dung"
"546","Coal","Sept","pitfall","open",18,"open6",NA,NA,NA,98,2,0,0,0,100,20,"grass",TRUE,""
"547","Coal","Sept","pitfall","open",19,"open7",NA,NA,NA,93,2,0,0,5,100,15,"grass",TRUE,"cow dung"
"548","Coal","Sept","pitfall","open",20,"open8",NA,NA,NA,99,1,0,0,0,100,24,"grass",TRUE,""
"549","Coal","Sept","pitfall","open",21,"open9",NA,NA,NA,88,5,0,2,5,100,11,"grass",TRUE,""
"550","Coal","Sept","pitfall","open",22,"open10",NA,NA,NA,80,10,0,5,5,100,12,"grass",TRUE,""
"551","Coal","Sept","pitfall","open",23,"open11",NA,NA,NA,96,0,2,2,0,100,4,"grass",TRUE,""
"552","Coal","Sept","pitfall","open",24,"open12",NA,NA,NA,70,15,0,0,15,100,17,"grass",TRUE,""
"553","Aven","Sept","pitfall","shrub",1,"",260,185,125,15,0,0,0,85,100,18,"grass",TRUE,""
"554","Aven","Sept","pitfall","shrub",2,"",165,130,130,85,0,0,0,15,100,28,"grass",TRUE,""
"555","Aven","Sept","pitfall","shrub",3,"",285,230,195,80,0,0,0,20,100,27,"grass",TRUE,""
"556","Aven","Sept","pitfall","shrub",4,"",335,280,165,10,0,0,0,90,100,6,"grass",TRUE,""
"557","Aven","Sept","pitfall","shrub",5,"",230,225,160,95,0,0,0,5,100,10,"grass",TRUE,""
"558","Aven","Sept","pitfall","shrub",6,"",210,210,130,95,0,0,0,5,100,35,"grass",TRUE,""
"559","Aven","Sept","pitfall","shrub",7,"",270,220,145,95,0,0,0,5,100,37,"grass",TRUE,""
"560","Aven","Sept","pitfall","shrub",8,"",265,210,155,90,0,0,0,10,100,30,"grass",TRUE,""
"561","Aven","Sept","pitfall","shrub",9,"",200,150,145,95,0,0,0,5,100,30,"grass",TRUE,""
"562","Aven","Sept","pitfall","shrub",10,"",225,135,125,100,0,0,0,0,100,50,"grass",TRUE,""
"563","Aven","Sept","pitfall","shrub",11,"",260,180,135,100,0,0,0,0,100,33,"grass",TRUE,""
"564","Aven","Sept","pitfall","shrub",12,"",210,140,110,99,0,1,0,0,100,25,"grass",TRUE,""
"565","Aven","Sept","pitfall","open",1,"",NA,NA,NA,94,0,0,1,5,100,20,"grass",TRUE,""
"566","Aven","Sept","pitfall","open",2,"",NA,NA,NA,90,0,0,0,10,100,27,"grass",TRUE,""
"567","Aven","Sept","pitfall","open",3,"",NA,NA,NA,100,0,0,0,0,100,12,"grass",TRUE,""
"568","Aven","Sept","pitfall","open",4,"",NA,NA,NA,90,0,0,0,10,100,23,"grass",TRUE,""
"569","Aven","Sept","pitfall","open",5,"",NA,NA,NA,90,0,0,0,10,100,10,"grass",TRUE,""
"570","Aven","Sept","pitfall","open",6,"",NA,NA,NA,5,0,0,0,95,100,10,"grass",TRUE,""
"571","Aven","Sept","pitfall","open",7,"",NA,NA,NA,1,0,0,1,98,100,2,"grass",TRUE,""
"572","Aven","Sept","pitfall","open",8,"",NA,NA,NA,100,0,0,0,0,100,40,"grass",TRUE,""
"573","Aven","Sept","pitfall","open",9,"",NA,NA,NA,95,0,0,0,5,100,25,"grass",TRUE,""
"574","Aven","Sept","pitfall","open",10,"",NA,NA,NA,5,0,0,5,90,100,5,"grass",TRUE,""
"575","Aven","Sept","pitfall","open",11,"",NA,NA,NA,100,0,0,0,0,100,35,"grass",TRUE,""
"576","Aven","Sept","pitfall","open",12,"",NA,NA,NA,95,0,0,0,5,100,21,"grass",TRUE,""
"577","SiCr","Sept","pitfall","shrub",1,"",330,290,150,98,0,0,0,2,100,34,"grass",TRUE,""
"578","SiCr","Sept","pitfall","shrub",2,"",250,210,150,40,0,0,0,60,100,22,"grass",TRUE,""
"579","SiCr","Sept","pitfall","shrub",3,"",220,190,140,100,0,0,0,0,100,30,"grass",TRUE,""
"580","SiCr","Sept","pitfall","shrub",4,"",230,200,140,100,0,0,0,0,100,30,"grass",TRUE,""
"581","SiCr","Sept","pitfall","shrub",5,"",220,210,150,98,0,0,0,2,100,42,"grass",TRUE,""
"582","SiCr","Sept","pitfall","shrub",6,"",370,320,190,100,0,0,0,0,100,25,"grass",TRUE,""
"583","SiCr","Sept","pitfall","shrub",7,"",170,150,120,90,0,0,0,10,100,14,"grass",TRUE,""
"584","SiCr","Sept","pitfall","shrub",8,"",220,210,160,100,0,0,0,0,100,10,"grass",TRUE,""
"585","SiCr","Sept","pitfall","shrub",9,"",360,340,200,5,0,2,0,93,100,0,"herb",TRUE,""
"586","SiCr","Sept","pitfall","shrub",10,"",410,370,180,40,0,0,0,60,100,15,"grass",TRUE,""
"587","SiCr","Sept","pitfall","shrub",11,"",570,550,250,30,0,0,0,70,100,21,"grass",TRUE,""
"588","SiCr","Sept","pitfall","shrub",12,"",270,270,160,2,2,0,1,95,100,6,"grass",TRUE,""
"589","SiCr","Sept","pitfall","open",1,"",NA,NA,NA,20,0,0,1,79,100,10,"grass",TRUE,""
"590","SiCr","Sept","pitfall","open",2,"",NA,NA,NA,10,0,0,3,87,100,2,"grass",TRUE,""
"591","SiCr","Sept","pitfall","open",3,"",NA,NA,NA,40,0,0,0,60,100,5,"grass",TRUE,""
"592","SiCr","Sept","pitfall","open",4,"",NA,NA,NA,100,0,0,0,0,100,15,"grass",TRUE,""
"593","SiCr","Sept","pitfall","open",5,"",NA,NA,NA,100,0,0,0,0,100,33,"grass",TRUE,""
"594","SiCr","Sept","pitfall","open",6,"",NA,NA,NA,2,0,0,3,95,100,2,"grass",TRUE,""
"595","SiCr","Sept","pitfall","open",7,"",NA,NA,NA,93,0,0,2,5,100,27,"grass",TRUE,""
"596","SiCr","Sept","pitfall","open",8,"",NA,NA,NA,88,0,0,2,10,100,4,"grass",TRUE,""
"597","SiCr","Sept","pitfall","open",9,"",NA,NA,NA,95,0,0,0,5,100,16,"grass",TRUE,""
"598","SiCr","Sept","pitfall","open",10,"",NA,NA,NA,10,0,0,0,90,100,7,"grass",TRUE,""
"599","SiCr","Sept","pitfall","open",11,"",NA,NA,NA,100,0,0,0,0,100,32,"grass",TRUE,""
"600","SiCr","Sept","pitfall","open",12,"",NA,NA,NA,98,0,0,0,2,100,16,"grass",TRUE,""
"601","PaPl","Sept","pitfall","shrub",1,"",290,200,130,96,2,1,1,0,100,50,"grass",TRUE,""
"602","PaPl","Sept","pitfall","shrub",2,"",250,180,110,100,0,0,0,0,100,56,"grass",TRUE,""
"603","PaPl","Sept","pitfall","shrub",3,"",250,170,140,90,0,0,0,10,100,32,"grass",TRUE,""
"604","PaPl","Sept","pitfall","shrub",4,"",200,190,140,100,0,0,0,0,100,38,"grass",TRUE,""
"605","PaPl","Sept","pitfall","shrub",5,"",260,220,130,100,0,0,0,0,100,33,"grass",TRUE,""
"606","PaPl","Sept","pitfall","shrub",6,"",300,240,130,95,0,0,0,5,100,30,"grass",TRUE,""
"607","PaPl","Sept","pitfall","shrub",7,"",200,200,140,95,0,0,0,5,100,20,"grass",TRUE,""
"608","PaPl","Sept","pitfall","shrub",8,"",320,150,110,95,2,0,0,3,100,46,"grass",TRUE,""
"609","PaPl","Sept","pitfall","shrub",9,"",400,260,160,95,0,0,0,5,100,32,"grass",TRUE,"inactive borrow"
"610","PaPl","Sept","pitfall","shrub",10,"",380,300,120,97,0,1,0,2,100,19,"grass",TRUE,""
"611","PaPl","Sept","pitfall","shrub",11,"",270,220,150,99,0,1,0,0,100,30,"grass",TRUE,""
"612","PaPl","Sept","pitfall","shrub",12,"",330,200,140,98,0,0,1,1,100,30,"grass",TRUE,""
"613","PaPl","Sept","pitfall","open",1,"",NA,NA,NA,90,0,0,0,10,100,18,"grass",TRUE,""
"614","PaPl","Sept","pitfall","open",2,"",NA,NA,NA,95,0,0,0,5,100,30,"grass",TRUE,""
"615","PaPl","Sept","pitfall","open",3,"",NA,NA,NA,95,0,0,0,5,100,42,"grass",TRUE,""
"616","PaPl","Sept","pitfall","open",4,"",NA,NA,NA,90,0,0,0,10,100,15,"grass",TRUE,""
"617","PaPl","Sept","pitfall","open",5,"",NA,NA,NA,80,0,0,0,20,100,22,"grass",TRUE,""
"618","PaPl","Sept","pitfall","open",6,"",NA,NA,NA,90,0,0,0,10,100,15,"grass",TRUE,""
"619","PaPl","Sept","pitfall","open",7,"",NA,NA,NA,64,0,0,1,35,100,16,"herb",TRUE,""
"620","PaPl","Sept","pitfall","open",8,"",NA,NA,NA,80,0,0,0,20,100,20,"grass",TRUE,""
"621","PaPl","Sept","pitfall","open",9,"",NA,NA,NA,58,0,0,4,38,100,7,"grass",TRUE,""
"622","PaPl","Sept","pitfall","open",10,"",NA,NA,NA,10,0,0,4,86,100,4,"grass",TRUE,""
"623","PaPl","Sept","pitfall","open",11,"",NA,NA,NA,48,2,0,1,49,100,5,"herb",TRUE,""
"624","PaPl","Sept","pitfall","open",12,"",NA,NA,NA,1,0,1,2,96,100,2,"herb",TRUE,""
"625","Mov","Sept","pitfall","open",1,"shrub1",NA,NA,NA,44,0,1,0,55,100,14,"herb",TRUE,""
"626","Mov","Sept","pitfall","open",2,"shrub2",NA,NA,NA,30,0,0,1,69,100,3,"grass",TRUE,""
"627","Mov","Sept","pitfall","open",3,"shrub3",NA,NA,NA,60,8,1,1,30,100,10,"herb",TRUE,""
"628","Mov","Sept","pitfall","open",4,"shrub4",NA,NA,NA,12,0,3,3,82,100,6,"grass",TRUE,""
"629","Mov","Sept","pitfall","open",5,"shrub5",NA,NA,NA,10,0,1,0,89,100,11,"grass",TRUE,""
"630","Mov","Sept","pitfall","open",6,"shrub6",NA,NA,NA,38,0,0,1,61,100,10,"herb",TRUE,""
"631","Mov","Sept","pitfall","open",7,"shrub7",NA,NA,NA,15,0,0,0,85,100,12,"grass",TRUE,""
"632","Mov","Sept","pitfall","open",8,"shrub8",NA,NA,NA,14,1,5,0,80,100,6,"grass",TRUE,""
"633","Mov","Sept","pitfall","open",9,"shrub9",NA,NA,NA,60,0,0,0,40,100,5,"herb",TRUE,""
"634","Mov","Sept","pitfall","open",10,"shrub10",NA,NA,NA,30,0,0,0,70,100,4,"grass",TRUE,""
"635","Mov","Sept","pitfall","open",11,"shrub11",NA,NA,NA,50,0,0,0,50,100,10,"grass",TRUE,""
"636","Mov","Sept","pitfall","open",12,"shrub12",NA,NA,NA,50,0,0,0,50,100,6,"grass",TRUE,""
"637","Mov","Sept","pitfall","open",13,"open1",NA,NA,NA,15,0,0,0,85,100,7,"grass",TRUE,""
"638","Mov","Sept","pitfall","open",14,"open2",NA,NA,NA,20,0,0,0,80,100,5,"grass",TRUE,""
"639","Mov","Sept","pitfall","open",15,"open3",NA,NA,NA,95,0,0,0,5,100,22,"grass",TRUE,""
"640","Mov","Sept","pitfall","open",16,"open4",NA,NA,NA,84,0,0,1,15,100,10,"grass",TRUE,""
"641","Mov","Sept","pitfall","open",17,"open5",NA,NA,NA,85,0,0,0,15,100,14,"grass",TRUE,""
"642","Mov","Sept","pitfall","open",18,"open6",NA,NA,NA,91,0,0,0,10,101,10,"grass",TRUE,""
"643","Mov","Sept","pitfall","open",19,"open7",NA,NA,NA,15,0,0,0,85,100,10,"grass",TRUE,""
"644","Mov","Sept","pitfall","open",20,"open8",NA,NA,NA,90,0,0,0,10,100,16,"grass",TRUE,""
"645","Mov","Sept","pitfall","open",21,"open9",NA,NA,NA,60,0,0,0,40,100,6,"grass",TRUE,""
"646","Mov","Sept","pitfall","open",22,"open10",NA,NA,NA,20,0,0,0,80,100,5,"grass",TRUE,""
"647","Mov","Sept","pitfall","open",23,"open11",NA,NA,NA,15,0,0,0,85,100,10,"grass",TRUE,""
"648","Mov","Sept","pitfall","open",24,"open12",NA,NA,NA,20,0,0,0,80,100,20,"grass",TRUE,""
